kind,label,frame,time,cameraX,cameraY,cameraZ,R,signedDistance,FOV,Primary,Secondary,frameMs,cpuMs,gpuMs,gpuTimestamp,gpuCounterMs,profileFrame,rainExposed,rainIntensity,nearMedium
image,final5-inwall-deck,120,9366.382134,-3746.487,8.784516,-1401.373,4000,0.001708984,80,0,0,11.9118,0,0,0,0,-1,1,0.9997613,1
image,final5-outside-away,188,9368.290794,-4027.369,8.784516,-1506.757,4000,300.002,80,0,0,19.2571,0,0,0,0,-1,1,0.9999998,0
image,final5-outside-lookback,271,9370.424541,-3818.815,8.784516,-1422.102,4000,75.01221,80,0,0.4419732,20.6274,0,0,0,0,-1,1,0.9999999,0
image,final5-motion-00,277,9370.899769,-3732.768,8.784516,-1396.226,4000,-14.65186,80,0,0.1082099,23.2488,0,0,0,0,-1,1,0.9999999,0
image,final5-motion-01,280,9371.275609,-3736.285,8.784516,-1397.546,4000,-10.89478,80,0,0,22.1116,0,0,0,0,-1,1,1,0
image,final5-motion-02,283,9371.668313,-3739.964,8.784516,-1398.926,4000,-6.965332,80,0,0,13.9142,0,0,0,0,-1,1,1,0
image,final5-motion-03,286,9372.048064,-3743.519,8.784516,-1400.26,4000,-3.168457,80,0.5715382,0,14.8333,0,0,0,0,-1,1,1,0
image,final5-motion-04,290,9372.401306,-3746.827,8.784516,-1401.501,4000,0.364502,80,0.03184731,0,14.53951,0,0,0,0,-1,1,1,1
image,final5-motion-05,293,9372.688530,-3749.516,8.784516,-1402.51,4000,3.236328,80,0,0,16.3726,0,0,0,0,-1,1,1,1
image,final5-motion-06,296,9372.991190,-3752.349,8.784516,-1403.573,4000,6.262451,80,0,0,15.6451,0,0,0,0,-1,1,1,1
image,final5-motion-07,299,9373.284070,-3755.092,8.784516,-1404.602,4000,9.191895,80,0,0,15.4804,0,0,0,0,-1,1,1,1
image,final5-motion-08,302,9373.623582,-3758.269,8.784516,-1405.794,4000,12.58569,80,0,0.4859191,16.259,0,0,0,0,-1,1,1,0
perf,inwall-all-on,391,9375.572587,-3746.487,8.784516,-1401.373,4000,0.001708984,80,0.3383687,0,17.7743,10.0325,12.478464,4893213385285,0,6194,1,1,1
perf,inwall-all-on,392,9375.589246,-3746.487,8.784516,-1401.373,4000,0.001708984,80,0.2902469,0,16.4064,10.6923,16.774144,4893213511458,12.478464,6195,1,1,1
perf,inwall-all-on,393,9375.603073,-3746.487,8.784516,-1401.373,4000,0.001708984,80,0.1234087,0,16.6102,11.7235,15.410176,4893213681020,16.774144,6196,1,1,1
perf,inwall-all-on,394,9375.621497,-3746.487,8.784516,-1401.373,4000,0.001708984,80,0.06332713,0,13.8658,13.0076,0,0,15.410176,6197,1,1,1
perf,inwall-all-on,395,9375.636993,-3746.487,8.784516,-1401.373,4000,0.001708984,80,0.04650818,0,19.4742,15.0165,16.191488,4893214011472,0,6198,1,1,1
perf,inwall-all-on,396,9375.652604,-3746.487,8.784516,-1401.373,4000,0.001708984,80,0.0416279,0,14.4152,13.558,20.388864,4893214175576,16.191488,6199,1,1,1
perf,inwall-all-on,397,9375.666401,-3746.487,8.784516,-1401.373,4000,0.001708984,80,0.03706923,0,15.6506,14.1172,10.768384,4893214341562,20.388864,6200,1,1,1
perf,inwall-all-on,398,9375.680865,-3746.487,8.784516,-1401.373,4000,0.001708984,80,0.03349414,0,13.6965,11.8125,16.82944,4893214480417,10.768384,6201,1,1,1
perf,inwall-all-on,399,9375.696634,-3746.487,8.784516,-1401.373,4000,0.001708984,80,0.03008511,0,14.497,14.9428,14.174208,4893214675048,16.82944,6202,1,1,1
perf,inwall-all-on,400,9375.713588,-3746.487,8.784516,-1401.373,4000,0.001708984,80,0.02676798,0,15.7777,12.3276,16.236544,4893214819187,14.174208,6203,1,1,1
perf,inwall-all-on,401,9375.726300,-3746.487,8.784516,-1401.373,4000,0.001708984,80,0.02361196,0,16.9432,12.9293,14.222336,4893214975756,16.236543,6204,1,1,1
perf,inwall-all-on,402,9375.737689,-3746.487,8.784516,-1401.373,4000,0.001708984,80,0.02149216,0,12.7031,11.722,0,0,14.222336,6205,1,1,1
perf,inwall-all-on,403,9375.752411,-3746.487,8.784516,-1401.373,4000,0.001708984,80,0.01976066,0,11.34439,11.3822,15.198208,4893215257731,0,6206,1,1,1
perf,inwall-all-on,404,9375.765820,-3746.487,8.784516,-1401.373,4000,0.001708984,80,0.01771674,0,14.7459,13.2696,16.656384,4893215415127,15.198208,6207,1,1,1
perf,inwall-all-on,405,9375.782205,-3746.487,8.784516,-1401.373,4000,0.001708984,80,0.01604429,0,13.3917,13.9633,13.97248,4893215584957,16.656384,6208,1,1,1
perf,inwall-all-on,406,9375.797001,-3746.487,8.784516,-1401.373,4000,0.001708984,80,0.01409259,0,17.5165,10.673,11.283456,4893215711907,13.97248,6209,1,1,1
perf,inwall-all-on,407,9375.812134,-3746.487,8.784516,-1401.373,4000,0.001708984,80,0.01273634,0,13.666,9.5076,0,0,11.283456,6210,1,1,1
perf,inwall-all-on,408,9375.825324,-3746.487,8.784516,-1401.373,4000,0.001708984,80,0.01136909,0,15.337,12.4266,14.544896,4893215972994,0,6211,1,1,1
perf,inwall-all-on,409,9375.837939,-3746.487,8.784516,-1401.373,4000,0.001708984,80,0.01032279,0,13.0393,11.1624,14.48448,4893216106885,14.544896,6212,1,1,1
perf,inwall-all-on,410,9375.854814,-3746.487,8.784516,-1401.373,4000,0.001708984,80,0.009406538,0,12.5524,12.9522,16.014336,4893216281981,14.48448,6213,1,1,1
perf,inwall-all-on,411,9375.868494,-3746.487,8.784516,-1401.373,4000,0.001708984,80,0.008298478,0,16.9274,11.3598,13.55264,4893216418701,16.014336,6214,1,1,1
perf,inwall-all-on,412,9375.883918,-3746.487,8.784516,-1401.373,4000,0.001708984,80,0.007502601,0,13.6167,12.1007,0,0,13.55264,6215,1,1,1
perf,inwall-all-on,413,9375.897714,-3746.487,8.784516,-1401.373,4000,0.001708984,80,0.00668821,0,15.5182,10.9604,12.635136,4893216702197,0,6216,1,1,1
perf,inwall-all-on,414,9375.913424,-3746.487,8.784516,-1401.373,4000,0.001708984,80,0.006042283,0,13.7161,10.7579,16.39424,4893216828004,12.635136,6217,1,1,1
perf,inwall-all-on,415,9375.927274,-3746.487,8.784516,-1401.373,4000,0.001708984,80,0,0,15.7737,14.4254,14.799872,4893216997154,16.39424,6218,1,1,1
perf,inwall-all-on,416,9375.940866,-3746.487,8.784516,-1401.373,4000,0.001708984,80,0,0,13.8222,11.8468,14.337024,4893217133500,14.799872,6219,1,1,1
perf,inwall-all-on,417,9375.958205,-3746.487,8.784516,-1401.373,4000,0.001708984,80,0,0,14.7298,13.1273,16.384,4893217288401,14.337024,6220,1,1,1
perf,inwall-all-on,418,9375.971615,-3746.487,8.784516,-1401.373,4000,0.001708984,80,0,0,16.44009,10.8227,14.651392,4893217425785,16.384,6221,1,1,1
perf,inwall-all-on,419,9375.987395,-3746.487,8.784516,-1401.373,4000,0.001708984,80,0,0,13.1354,12.8565,0,0,14.651392,6222,1,1,1
perf,inwall-all-on,420,9376.000430,-3746.487,8.784516,-1401.373,4000,0.001708984,80,0,0,15.8144,11.2422,14.657536,4893217721542,0,6223,1,1,1
perf,inwall-all-on,421,9376.015936,-3746.487,8.784516,-1401.373,4000,0.001708984,80,0,0,12.9909,11.6229,13.462528,4893217868804,14.657536,6224,1,1,1
perf,inwall-all-on,422,9376.032868,-3746.487,8.784516,-1401.373,4000,0.001708984,80,0,0,15.5621,13.7497,13.367296,4893218032961,13.462528,6225,1,1,1
perf,inwall-all-on,423,9376.049517,-3746.487,8.784516,-1401.373,4000,0.001708984,80,0,0,16.92749,11.3285,14.953472,4893218164764,13.367296,6226,1,1,1
perf,inwall-all-on,424,9376.062908,-3746.487,8.784516,-1401.373,4000,0.001708984,80,0,0,16.6503,13.2549,14.519296,4893218322891,14.953472,6227,1,1,1
perf,inwall-all-on,425,9376.076982,-3746.487,8.784516,-1401.373,4000,0.001708984,80,0,0,13.3604,11.1302,16.381952,4893218452908,14.519296,6228,1,1,1
perf,inwall-all-on,426,9376.090772,-3746.487,8.784516,-1401.373,4000,0.001708984,80,0,0,14.45911,12.8002,16.863232,4893218608391,16.381951,6229,1,1,1
perf,inwall-all-on,427,9376.104949,-3746.487,8.784516,-1401.373,4000,0.001708984,80,0,0,13.3768,14.8925,0,0,16.863232,6230,1,1,1
perf,inwall-all-on,428,9376.122001,-3746.487,8.784516,-1401.373,4000,0.001708984,80,0,0,15.5742,12.9991,14.613504,4893218944181,0,6231,1,1,1
perf,inwall-all-on,429,9376.135354,-3746.487,8.784516,-1401.373,4000,0.001708984,80,0,0,15.79609,11.1303,14.00832,4893219077744,14.613504,6232,1,1,1
perf,inwall-all-on,430,9376.151150,-3746.487,8.784516,-1401.373,4000,0.001708984,80,0,0,13.2893,11.2981,14.174208,4893219219389,14.00832,6233,1,1,1
perf,inwall-all-on,431,9376.165715,-3746.487,8.784516,-1401.373,4000,0.001708984,80,0,0,15.76291,11.6784,15.483904,4893219356271,14.174208,6234,1,1,1
perf,inwall-all-on,432,9376.182211,-3746.487,8.784516,-1401.373,4000,0.001708984,80,0,0,14.5806,12.2034,13.469696,4893219511344,15.483904,6235,1,1,1
perf,inwall-all-on,433,9376.195509,-3746.487,8.784516,-1401.373,4000,0.001708984,80,0,0,16.5341,13.3472,17.21344,4893219669804,13.469696,6236,1,1,1
perf,inwall-all-on,434,9376.208912,-3746.487,8.784516,-1401.373,4000,0.001708984,80,0,0,13.274,11.3479,13.208576,4893219802657,17.21344,6237,1,1,1
perf,inwall-all-on,435,9376.223979,-3746.487,8.784516,-1401.373,4000,0.001708984,80,0,0,13.5413,13.5341,15.263744,4893219960448,13.208576,6238,1,1,1
perf,inwall-all-on,436,9376.237001,-3746.487,8.784516,-1401.373,4000,0.001708984,80,0,0,14.9114,11.8353,14.93504,4893220106191,15.263744,6239,1,1,1
perf,inwall-all-on,437,9376.251860,-3746.487,8.784516,-1401.373,4000,0.001708984,80,0,0,13.0332,13.703,14.482432,4893220271503,14.93504,6240,1,1,1
perf,inwall-all-on,438,9376.266145,-3746.487,8.784516,-1401.373,4000,0.001708984,80,0,0,14.8383,10.8702,14.318592,4893220403982,14.482432,6241,1,1,1
perf,inwall-all-on,439,9376.283687,-3746.487,8.784516,-1401.373,4000,0.001708984,80,0,0,15.3622,9.84,12.813312,4893220539546,14.318592,6242,1,1,1
perf,inwall-all-on,440,9376.297071,-3746.487,8.784516,-1401.373,4000,0.001708984,80,0,0,16.4508,12.4184,12.756992,4893220688830,12.813312,6243,1,1,1
perf,inwall-all-on,441,9376.313341,-3746.487,8.784516,-1401.373,4000,0.001708984,80,0,0,13.3796,11.0927,15.131648,4893220818980,12.756992,6244,1,1,1
perf,inwall-all-on,442,9376.325589,-3746.487,8.784516,-1401.373,4000,0.001708984,80,0,0,16.3453,12.6395,17.600512,4893220967550,15.131648,6245,1,1,1
perf,inwall-all-on,443,9376.339701,-3746.487,8.784516,-1401.373,4000,0.001708984,80,0,0,12.3041,12.1905,14.045184,4893221121152,17.600512,6246,1,1,1
perf,inwall-all-on,444,9376.353928,-3746.487,8.784516,-1401.373,4000,0.001708984,80,0,0,13.9661,13.9539,15.751168,4893221285715,14.045184,6247,1,1,1
perf,inwall-all-on,445,9376.367229,-3746.487,8.784516,-1401.373,4000,0.001708984,80,0,0,14.2796,11.0536,14.027776,4893221419459,15.751168,6248,1,1,1
perf,inwall-all-on,446,9376.382618,-3746.487,8.784516,-1401.373,4000,0.001708984,80,0,0,13.24481,13.2181,0,0,14.027776,6249,1,1,1
perf,inwall-all-on,447,9376.395877,-3746.487,8.784516,-1401.373,4000,0.001708984,80,0,0,15.43449,10.2107,12.859392,4893221704961,0,6250,1,1,1
perf,inwall-all-on,448,9376.408768,-3746.487,8.784516,-1401.373,4000,0.001708984,80,0,0,13.251,11.7506,12.260352,4893221845701,12.859392,6251,1,1,1
perf,inwall-all-on,449,9376.422466,-3746.487,8.784516,-1401.373,4000,0.001708984,80,0,0,12.9219,11.837,14.913536,4893221988318,12.260352,6252,1,1,1
perf,inwall-all-on,450,9376.437368,-3746.487,8.784516,-1401.373,4000,0.001708984,80,0,0,14.7469,11.4066,13.719552,4893222120896,14.913536,6253,1,1,1
perf,inwall-all-on,451,9376.453370,-3746.487,8.784516,-1401.373,4000,0.001708984,80,0,0,13.8306,12.6493,14.758912,4893222275164,13.719552,6254,1,1,1
perf,inwall-all-on,452,9376.466935,-3746.487,8.784516,-1401.373,4000,0.001708984,80,0,0,16.0972,10.9329,11.283456,4893222407623,14.758912,6255,1,1,1
perf,inwall-all-on,453,9376.481262,-3746.487,8.784516,-1401.373,4000,0.001708984,80,0,0,13.4188,10.9789,16.147456,4893222536832,11.283456,6256,1,1,1
perf,inwall-all-on,454,9376.495678,-3746.487,8.784516,-1401.373,4000,0.001708984,80,0,0,14.3476,11.3879,0,0,16.147455,6257,1,1,1
perf,inwall-all-on,455,9376.508448,-3746.487,8.784516,-1401.373,4000,0.001708984,80,0,0,14.466,11.6877,17.019904,4893222822481,0,6258,1,1,1
perf,inwall-all-on,456,9376.522572,-3746.487,8.784516,-1401.373,4000,0.001708984,80,0,0,12.7343,13.4218,0,0,17.019904,6259,1,1,1
perf,inwall-all-on,457,9376.536647,-3746.487,8.784516,-1401.373,4000,0.001708984,80,0,0,14.1771,11.6029,14.5664,4893223117953,0,6260,1,1,1
perf,inwall-all-on,458,9376.551946,-3746.487,8.784516,-1401.373,4000,0.001708984,80,0,0,14.0942,11.9406,0,0,14.5664,6261,1,1,1
perf,inwall-all-on,459,9376.566021,-3746.487,8.784516,-1401.373,4000,0.001708984,80,0,0,15.2261,11.7679,11.172864,4893223405791,0,6262,1,1,1
perf,inwall-all-on,460,9376.580369,-3746.487,8.784516,-1401.373,4000,0.001708984,80,0,0,14.04931,10.6474,15.220736,4893223533281,11.172864,6263,1,1,1
perf,inwall-all-on,461,9376.595178,-3746.487,8.784516,-1401.373,4000,0.001708984,80,0,0,15.48279,11.7195,13.307904,4893223674665,15.220736,6264,1,1,1
perf,inwall-all-on,462,9376.608297,-3746.487,8.784516,-1401.373,4000,0.001708984,80,0,0,13.8125,12.2025,17.030144,4893223815626,13.307904,6265,1,1,1
perf,inwall-all-on,463,9376.623244,-3746.487,8.784516,-1401.373,4000,0.001708984,80,0,0,12.9848,13.1032,13.626368,4893223968358,17.030144,6266,1,1,1
perf,inwall-all-on,464,9376.637305,-3746.487,8.784516,-1401.373,4000,0.001708984,80,0,0.8,14.9811,12.1779,13.771776,4893224108855,13.626368,6267,1,1,1
perf,inwall-all-on,465,9376.652087,-3746.487,8.784516,-1401.373,4000,0.001708984,80,0,0.7242364,14.0922,11.5048,14.802944,4893224263507,13.771776,6268,1,1,1
perf,inwall-all-on,466,9376.670754,-3746.487,8.784516,-1401.373,4000,0.001708984,80,0,0.6526222,14.7478,10.9246,12.868608,4893224401591,14.802944,6269,1,1,1
perf,inwall-all-on,467,9376.685270,-3746.487,8.784516,-1401.373,4000,0.001708984,80,0,0.5721115,18.6491,10.9917,15.090688,4893224531626,12.868608,6270,1,1,1
perf,inwall-all-on,468,9376.700946,-3746.487,8.784516,-1401.373,4000,0.001708984,80,0,0.5163527,14.5245,12.5274,12.270592,4893224681459,15.090688,6271,1,1,1
perf,inwall-all-on,469,9376.716450,-3746.487,8.784516,-1401.373,4000,0.001708984,80,0,0.4621015,15.7228,12.0402,16.73216,4893224821775,12.270592,6272,1,1,1
perf,inwall-all-on,470,9376.731319,-3746.487,8.784516,-1401.373,4000,0.001708984,80,0,0.4143682,15.4625,12.3721,16.407552,4893224969795,16.73216,6273,1,1,1
perf,inwall-all-on,471,9376.747274,-3746.487,8.784516,-1401.373,4000,0.001708984,80,0,0.3719549,15.9317,16.1954,17.480704,4893225156251,16.407551,6274,1,1,1
perf,inwall-all-on,472,9376.758713,-3746.487,8.784516,-1401.373,4000,0.001708984,80,0,0.3539614,14.9246,12.1709,14.752768,4893225301604,17.480704,6275,1,1,1
perf,inwall-all-on,473,9376.772271,-3746.487,8.784516,-1401.373,4000,0.001708984,80,0,0.3951438,11.4973,12.9426,16.759808,4893225458376,14.752768,6276,1,1,1
perf,inwall-all-on,474,9376.787033,-3746.487,8.784516,-1401.373,4000,0.001708984,80,0,0.5619494,13.5027,11.996,14.732288,4893225613437,16.759808,6277,1,1,1
perf,inwall-all-on,475,9376.800157,-3746.487,8.784516,-1401.373,4000,0.001708984,80,0,0.7794501,14.7583,11.6992,12.975104,4893225772734,14.732288,6278,1,1,1
perf,inwall-all-on,476,9376.815266,-3746.487,8.784516,-1401.373,4000,0.001708984,80,0,0.7493741,13.053,12.2158,0,0,12.975104,6279,1,1,1
perf,inwall-all-on,477,9376.829057,-3746.487,8.784516,-1401.373,4000,0.001708984,80,0,0.4681869,15.1489,9.4889,10.4448,4893226036865,0,6280,1,1,1
perf,inwall-all-on,478,9376.842436,-3746.487,8.784516,-1401.373,4000,0.001708984,80,0,0.2624026,13.7821,11.6057,14.101504,4893226171484,10.4448,6281,1,1,1
perf,inwall-all-on,479,9376.856602,-3746.487,8.784516,-1401.373,4000,0.001708984,80,0,0.1829107,13.3942,12.3693,14.234624,4893226319378,14.101504,6282,1,1,1
perf,inwall-all-on,480,9376.870345,-3746.487,8.784516,-1401.373,4000,0.001708984,80,0,0.155074,14.1615,11.1892,14.343168,4893226450164,14.234624,6283,1,1,1
perf,inwall-all-on,481,9376.886158,-3746.487,8.784516,-1401.373,4000,0.001708984,80,0,0.1397382,13.8389,12.3544,0,0,14.343168,6284,1,1,1
perf,inwall-all-on,482,9376.900812,-3746.487,8.784516,-1401.373,4000,0.001708984,80,0,0.12401,16.8736,11.4294,11.628544,4893226739319,0,6285,1,1,1
perf,inwall-all-on,483,9376.916711,-3746.487,8.784516,-1401.373,4000,0.001708984,80,0,0.1130227,13.4528,11.2115,13.307904,4893226873236,11.628544,6286,1,1,1
perf,inwall-all-on,484,9376.930934,-3746.487,8.784516,-1401.373,4000,0.001708984,80,0,0.1065675,15.9537,11.7266,14.6432,4893227014965,13.307904,6287,1,1,1
perf,inwall-all-on,485,9376.945773,-3746.487,8.784516,-1401.373,4000,0.001708984,80,0,0.1343818,14.2021,11.2463,16.615424,4893227152772,14.6432,6288,1,1,1
perf,inwall-all-on,486,9376.957828,-3746.487,8.784516,-1401.373,4000,0.001708984,80,0,0.2463347,15.0353,13.4694,14.507008,4893227321946,16.615424,6289,1,1,1
perf,inwall-all-on,487,9376.971049,-3746.487,8.784516,-1401.373,4000,0.001708984,80,0,0.3411089,11.8267,11.5744,0,0,14.507008,6290,1,1,1
perf,inwall-all-on,488,9376.987268,-3746.487,8.784516,-1401.373,4000,0.001708984,80,0,0.319417,13.2434,13.1687,15.867904,4893227616114,0,6291,1,1,1
perf,inwall-all-on,489,9377.000185,-3746.487,8.784516,-1401.373,4000,0.001708984,80,0,0.159947,16.2616,12.1412,13.284352,4893227758144,15.867904,6292,1,1,1
perf,inwall-all-on,490,9377.016522,-3746.487,8.784516,-1401.373,4000,0.001708984,80,0,0.08008362,12.8453,11.2286,12.609536,4893227908174,13.284352,6293,1,1,1
perf,inwall-all-on,491,9377.029964,-3746.487,8.784516,-1401.373,4000,0.001708984,80,0,0.05149522,16.3975,9.8836,14.445568,4893228026884,12.609536,6294,1,1,1
perf,inwall-all-on,492,9377.045634,-3746.487,8.784516,-1401.373,4000,0.001708984,80,0,0.04539223,13.4168,11.3414,0,0,14.445568,6295,1,1,1
perf,inwall-all-on,493,9377.059015,-3746.487,8.784516,-1401.373,4000,0.001708984,80,0,0.04020052,16.9135,13.3139,14.8992,4893228321750,0,6296,1,1,1
perf,inwall-all-on,494,9377.072516,-3746.487,8.784516,-1401.373,4000,0.001708984,80,0,0.0368938,12.15471,11.0563,14.322688,4893228450405,14.8992,6297,1,1,1
perf,inwall-all-on,495,9377.087170,-3746.487,8.784516,-1401.373,4000,0.001708984,80,0,0.033551,13.452,13.9086,15.391744,4893228614241,14.322688,6298,1,1,1
perf,inwall-all-on,496,9377.101317,-3746.487,8.784516,-1401.373,4000,0.001708984,80,0,0.03023259,14.7519,10.9817,13.697024,4893228748398,15.391744,6299,1,1,1
perf,inwall-all-on,497,9377.117426,-3746.487,8.784516,-1401.373,4000,0.001708984,80,0,0.02736279,14.1266,12.7175,0,0,13.697024,6300,1,1,1
perf,inwall-all-on,498,9377.130763,-3746.487,8.784516,-1401.373,4000,0.001708984,80,0,0.02442083,16.1117,9.3866,10.254336,4893229038997,0,6301,1,1,1
perf,inwall-all-on,499,9377.145132,-3746.487,8.784516,-1401.373,4000,0.001708984,80,0,0.0222372,13.2669,11.172,15.280128,4893229173712,10.254336,6302,1,1,1
perf,inwall-all-on,500,9377.158854,-3746.487,8.784516,-1401.373,4000,0.001708984,80,0,0.02004535,14.6983,12.0954,15.58528,4893229320765,15.280128,6303,1,1,1
perf,inwall-all-on,501,9377.172350,-3746.487,8.784516,-1401.373,4000,0.001708984,80,0,0.01822962,13.4486,12.2695,14.134272,4893229462210,15.58528,6304,1,1,1
perf,inwall-all-on,502,9377.187549,-3746.487,8.784516,-1401.373,4000,0.001708984,80,0,0.01658038,13.4322,13.4123,15.230976,4893229623451,14.134272,6305,1,1,1
perf,inwall-all-on,503,9377.205269,-3746.487,8.784516,-1401.373,4000,0.001708984,80,0,0.01488865,15.2435,10.7352,14.130176,4893229756292,15.230976,6306,1,1,1
perf,inwall-all-on,504,9377.220644,-3746.487,8.784516,-1401.373,4000,0.001708984,80,0,0.01303743,18.8061,11.5063,14.925824,4893229902980,14.130176,6307,1,1,1
perf,inwall-all-on,505,9377.234946,-3746.487,8.784516,-1401.373,4000,0.001708984,80,0,0.01178501,14.3054,11.3182,12.598272,4893230037531,14.925824,6308,1,1,1
perf,inwall-all-on,506,9377.250667,-3746.487,8.784516,-1401.373,4000,0.001708984,80,0,0.01065736,14.2454,11.6291,20.145152,4893230172086,12.598272,6309,1,1,1
perf,inwall-all-on,507,9377.264418,-3746.487,8.784516,-1401.373,4000,0.001708984,80,0,0.009535753,15.7507,12.8683,10.971136,4893230324425,20.145152,6310,1,1,1
perf,inwall-all-on,508,9377.278619,-3746.487,8.784516,-1401.373,4000,0.001708984,80,0,0.00865543,13.72,15.8659,15.229952,4893230512432,10.971136,6311,1,1,1
perf,inwall-all-on,509,9377.291073,-3746.487,8.784516,-1401.373,4000,0.001708984,80,0,0.007823807,14.3075,12.0115,15.535104,4893230655472,15.229952,6312,1,1,1
perf,inwall-all-on,510,9377.303881,-3746.487,8.784516,-1401.373,4000,0.001708984,80,0,0.007170377,12.353,12.2965,15.945728,4893230798057,15.535104,6313,1,1,1
perf,inwall-all-on,511,9377.317948,-3746.487,8.784516,-1401.373,4000,0.001708984,80,0,0.006549743,12.8237,13.4877,13.942784,4893230955560,15.945728,6314,1,1,1
perf,inwall-all-on,512,9377.332108,-3746.487,8.784516,-1401.373,4000,0.001708984,80,0,0.0059267,14.1578,11.4234,0,0,13.942784,6315,1,1,1
perf,inwall-all-on,513,9377.346882,-3746.487,8.784516,-1401.373,4000,0.001708984,80,0,0,14.0757,11.1909,12.198912,4893231235577,0,6316,1,1,1
perf,inwall-all-on,514,9377.358921,-3746.487,8.784516,-1401.373,4000,0.001708984,80,0,0,14.7965,10.3874,11.400192,4893231359313,12.198912,6317,1,1,1
perf,inwall-all-on,515,9377.373189,-3746.487,8.784516,-1401.373,4000,0.001708984,80,0,0,13.4406,10.8696,15.437824,4893231487506,11.400192,6318,1,1,1
perf,inwall-all-on,516,9377.388522,-3746.487,8.784516,-1401.373,4000,0.001708984,80,0,0,12.83861,11.4716,14.645248,4893231629135,15.437824,6319,1,1,1
perf,inwall-all-on,517,9377.401931,-3746.487,8.784516,-1401.373,4000,0.001708984,80,0,0,15.3509,12.03,13.177856,4893231769673,14.645248,6320,1,1,1
perf,inwall-all-on,518,9377.418347,-3746.487,8.784516,-1401.373,4000,0.001708984,80,0,0,13.389,12.3168,0,0,13.177856,6321,1,1,1
perf,inwall-all-on,519,9377.436427,-3746.487,8.784516,-1401.373,4000,0.001708984,80,0,0,16.4366,10.0623,13.454336,4893232051598,0,6322,1,1,1
perf,inwall-all-on,520,9377.451224,-3746.487,8.784516,-1401.373,4000,0.001708984,80,0,0,18.3098,10.6373,11.824128,4893232180559,13.454336,6323,1,1,1
perf,inwall-all-on,521,9377.465654,-3746.487,8.784516,-1401.373,4000,0.001708984,80,0,0,14.5673,13.1291,16.403456,4893232334135,11.824128,6324,1,1,1
perf,inwall-all-on,522,9377.480308,-3746.487,8.784516,-1401.373,4000,0.001708984,80,0,0,14.3843,11.49,15.121408,4893232468143,16.403455,6325,1,1,1
perf,inwall-all-on,523,9377.492258,-3746.487,8.784516,-1401.373,4000,0.001708984,80,0,0,14.7085,14.1177,17.575936,4893232632398,15.121408,6326,1,1,1
perf,inwall-all-on,524,9377.505626,-3746.487,8.784516,-1401.373,4000,0.001708984,80,0,0,11.9404,14.6902,15.710208,4893232815108,17.575936,6327,1,1,1
perf,inwall-all-on,525,9377.519648,-3746.487,8.784516,-1401.373,4000,0.001708984,80,0,0,13.5516,12.3088,13.524992,4893232961212,15.710208,6328,1,1,1
perf,inwall-all-on,526,9377.537224,-3746.487,8.784516,-1401.373,4000,0.001708984,80,0,0,15.0138,12.353,14.117888,4893233105103,13.524992,6329,1,1,1
perf,inwall-all-on,527,9377.553024,-3746.487,8.784516,-1401.373,4000,0.001708984,80,0,0,16.6302,11.3442,14.472192,4893233252046,14.117888,6330,1,1,1
perf,inwall-all-on,528,9377.567138,-3746.487,8.784516,-1401.373,4000,0.001708984,80,0,0,15.6426,9.9203,10.216448,4893233371380,14.472192,6331,1,1,1
perf,inwall-all-on,529,9377.585421,-3746.487,8.784516,-1401.373,4000,0.001708984,80,0,0,14.0009,11.3654,0,0,10.216448,6332,1,1,1
perf,inwall-all-on,530,9377.605052,-3746.487,8.784516,-1401.373,4000,0.001708984,80,0,0,18.3484,11.5423,14.399488,4893233657030,0,6333,1,1,1
perf,inwall-all-on,531,9377.622586,-3746.487,8.784516,-1401.373,4000,0.001708984,80,0,0,19.5828,14.1584,0,0,14.399488,6334,1,1,1
perf,inwall-all-on,532,9377.637018,-3746.487,8.784516,-1401.373,4000,0.001708984,80,0,0,17.5736,12.9635,16.018432,4893233979810,0,6335,1,1,1
perf,inwall-all-on,533,9377.653559,-3746.487,8.784516,-1401.373,4000,0.001708984,80,0,0,14.4134,12.1781,20.288512,4893234119973,16.018432,6336,1,1,1
perf,inwall-all-on,534,9377.670041,-3746.487,8.784516,-1401.373,4000,0.001708984,80,0,0,16.5713,15.896,15.587328,4893234303329,20.288512,6337,1,1,1
perf,inwall-all-on,535,9377.688437,-3746.487,8.784516,-1401.373,4000,0.001708984,80,0,0,17.7206,15.7028,19.40992,4893234499230,15.587328,6338,1,1,1
perf,inwall-all-on,536,9377.703866,-3746.487,8.784516,-1401.373,4000,0.001708984,80,0,0,17.1311,14.935,12.20608,4893234674916,19.40992,6339,1,1,1
perf,inwall-all-on,537,9377.719020,-3746.487,8.784516,-1401.373,4000,0.001708984,80,0,0,15.4393,12.2505,0,0,12.20608,6340,1,1,1
perf,inwall-all-on,538,9377.735344,-3746.487,8.784516,-1401.373,4000,0.001708984,80,0,0,15.1366,14.0222,17.85344,4893234984706,0,6341,1,1,1
perf,inwall-all-on,539,9377.751259,-3746.487,8.784516,-1401.373,4000,0.001708984,80,0,0,16.3029,14.1914,17.4592,4893235161780,17.85344,6342,1,1,1
perf,inwall-all-on,540,9377.765412,-3746.487,8.784516,-1401.373,4000,0.001708984,80,0,0,15.9611,14.6596,12.588032,4893235333328,17.4592,6343,1,1,1
perf,inwall-all-on,541,9377.779993,-3746.487,8.784516,-1401.373,4000,0.001708984,80,0,0,14.14941,13.5471,17.287168,4893235487374,12.588032,6344,1,1,1
perf,inwall-all-on,542,9377.792555,-3746.487,8.784516,-1401.373,4000,0.001708984,80,0,0,14.5908,12.8382,15.461376,4893235639059,17.287168,6345,1,1,1
perf,inwall-all-on,543,9377.807061,-3746.487,8.784516,-1401.373,4000,0.001708984,80,0,0,12.5339,14.4554,15.466496,4893235802030,15.461376,6346,1,1,1
perf,inwall-all-on,544,9377.822874,-3746.487,8.784516,-1401.373,4000,0.001708984,80,0,0,14.4818,13.7302,14.979072,4893235961521,15.466496,6347,1,1,1
perf,inwall-all-on,545,9377.839099,-3746.487,8.784516,-1401.373,4000,0.001708984,80,0,0,16.9972,11.817,13.52192,4893236102687,14.979072,6348,1,1,1
perf,inwall-all-on,546,9377.854515,-3746.487,8.784516,-1401.373,4000,0.001708984,80,0,0,15.0249,11.7876,15.276032,4893236249021,13.52192,6349,1,1,1
perf,inwall-all-on,547,9377.868527,-3746.487,8.784516,-1401.373,4000,0.001708984,80,0,0,15.4733,10.6278,12.38528,4893236374407,15.276032,6350,1,1,1
perf,inwall-all-on,548,9377.885649,-3746.487,8.784516,-1401.373,4000,0.001708984,80,0,0,13.9586,10.9371,15.922176,4893236519211,12.38528,6351,1,1,1
perf,inwall-all-on,549,9377.900259,-3746.487,8.784516,-1401.373,4000,0.001708984,80,0,0,17.2636,12.4115,14.531584,4893236689067,15.922176,6352,1,1,1
perf,inwall-all-on,550,9377.920981,-3746.487,8.784516,-1401.373,4000,0.001708984,80,0,0,14.5282,12.1997,15.02208,4893236839576,14.531584,6353,1,1,1
perf,inwall-all-on,551,9377.935945,-3746.487,8.784516,-1401.373,4000,0.001708984,80,0,0,20.8872,13.0426,14.700544,4893236994195,15.02208,6354,1,1,1
perf,inwall-all-on,552,9377.952665,-3746.487,8.784516,-1401.373,4000,0.001708984,80,0,0,14.7555,11.9209,0,0,14.700544,6355,1,1,1
perf,inwall-all-on,553,9377.967795,-3746.487,8.784516,-1401.373,4000,0.001708984,80,0,0,16.7384,14.5447,17.850368,4893237306445,0,6356,1,1,1
perf,inwall-all-on,554,9377.982997,-3746.487,8.784516,-1401.373,4000,0.001708984,80,0.8,0,15.0908,12.2629,16.968704,4893237451792,17.850368,6357,1,1,1
perf,inwall-all-on,555,9378.006523,-3746.487,8.784516,-1401.373,4000,0.001708984,80,0.7021566,0,16.3534,17.5708,15.451136,4893237659385,16.968704,6358,1,1,1
perf,inwall-all-on,556,9378.023074,-3746.487,8.784516,-1401.373,4000,0.001708984,80,0.5873546,0,22.38009,12.9011,17.056768,4893237808154,15.451136,6359,1,1,1
perf,inwall-all-on,557,9378.039999,-3746.487,8.784516,-1401.373,4000,0.001708984,80,0.5143942,0,16.6275,14.2956,15.014912,4893237975463,17.056768,6360,1,1,1
perf,inwall-all-on,558,9378.055427,-3746.487,8.784516,-1401.373,4000,0.001708984,80,0.4496712,0,16.8579,13.0511,0,0,15.014912,6361,1,1,1
perf,inwall-all-on,559,9378.071913,-3746.487,8.784516,-1401.373,4000,0.001708984,80,0.3977208,0,15.4574,12.477,23.881728,4893238289926,0,6362,1,1,1
perf,inwall-all-on,560,9378.086907,-3746.487,8.784516,-1401.373,4000,0.001708984,80,0.3563802,0,16.451,19.9564,12.224512,4893238513853,23.881728,6363,1,1,1
perf,inwall-all-on,561,9378.102596,-3746.487,8.784516,-1401.373,4000,0.001708984,80,0.3915805,0,15.3976,13.9262,17.22368,4893238679986,12.224512,6364,1,1,1
perf,inwall-all-on,562,9378.117900,-3746.487,8.784516,-1401.373,4000,0.001708984,80,0.617729,0,15.3186,14.7474,14.244864,4893238848640,17.22368,6365,1,1,1
perf,inwall-all-on,563,9378.132705,-3746.487,8.784516,-1401.373,4000,0.001708984,80,0.8,0,15.3447,12.9815,16.206848,4893239003215,14.244864,6366,1,1,1
perf,inwall-all-on,564,9378.149438,-3746.487,8.784516,-1401.373,4000,0.001708984,80,0.5816667,0,14.7879,12.4028,15.903744,4893239167736,16.206848,6367,1,1,1
perf,inwall-all-on,565,9378.164868,-3746.487,8.784516,-1401.373,4000,0.001708984,80,0.2548203,0,17.8715,12.3562,15.852544,4893239318610,15.903744,6368,1,1,1
perf,inwall-all-on,566,9378.181938,-3746.487,8.784516,-1401.373,4000,0.001708984,80,0.1700244,0,15.5481,13.6625,0,0,15.852544,6369,1,1,1
perf,inwall-all-on,567,9378.197444,-3746.487,8.784516,-1401.373,4000,0.001708984,80,0.1450678,0,15.7864,12.9676,15.050752,4893239628287,0,6370,1,1,1
perf,inwall-all-on,568,9378.212981,-3746.487,8.784516,-1401.373,4000,0.001708984,80,0.1277857,0,15.7613,12.3109,0,0,15.050752,6371,1,1,1
perf,inwall-all-on,569,9378.226153,-3746.487,8.784516,-1401.373,4000,0.001708984,80,0.1133299,0,15.3048,13.4904,16.489472,4893239954798,0,6372,1,1,1
perf,inwall-all-on,570,9378.239188,-3746.487,8.784516,-1401.373,4000,0.001708984,80,0.1063376,0,13.1972,11.5015,15.540224,4893240097350,16.489472,6373,1,1,1
perf,inwall-all-on,571,9378.255032,-3746.487,8.784516,-1401.373,4000,0.001708984,80,0.1303664,0,13.00329,13.0331,16.1536,4893240268284,15.540224,6374,1,1,1
perf,inwall-all-on,572,9378.268615,-3746.487,8.784516,-1401.373,4000,0.001708984,80,0.2662961,0,16.0072,13.4442,0,0,16.1536,6375,1,1,1
perf,inwall-all-on,573,9378.284245,-3746.487,8.784516,-1401.373,4000,0.001708984,80,0.3525897,0,13.3767,12.6077,16.342016,4893240578847,0,6376,1,1,1
perf,inwall-all-on,574,9378.300796,-3746.487,8.784516,-1401.373,4000,0.001708984,80,0.2234664,0,15.706,11.001,11.201536,4893240710426,16.342016,6377,1,1,1
perf,inwall-all-on,575,9378.317503,-3746.487,8.784516,-1401.373,4000,0.001708984,80,0.07787332,0,17.5807,10.5004,12.832768,4893240840737,11.201536,6378,1,1,1
perf,inwall-all-on,576,9378.334061,-3746.487,8.784516,-1401.373,4000,0.001708984,80,0.04915946,0,17.52511,13.523,15.414272,4893241000959,12.832768,6379,1,1,1
perf,inwall-all-on,577,9378.351316,-3746.487,8.784516,-1401.373,4000,0.001708984,80,0.04306687,0,14.6773,11.5676,16.70656,4893241134827,15.414272,6380,1,1,1
perf,inwall-all-on,578,9378.365271,-3746.487,8.784516,-1401.373,4000,0.001708984,80,0.03750787,0,17.2804,13.2037,16.72192,4893241291750,16.70656,6381,1,1,1
perf,inwall-all-on,579,9378.380305,-3746.487,8.784516,-1401.373,4000,0.001708984,80,0.03357759,0,13.8776,14.5898,17.38752,4893241467623,16.72192,6382,1,1,1
perf,inwall-all-on,580,9378.393031,-3746.487,8.784516,-1401.373,4000,0.001708984,80,0.02977107,0,15.0834,13.3057,14.394368,4893241623925,17.38752,6383,1,1,1
perf,inwall-all-on,581,9378.406752,-3746.487,8.784516,-1401.373,4000,0.001708984,80,0.02684198,0,12.9816,14.5155,0,0,14.394368,6384,1,1,1
perf,inwall-all-on,582,9378.420553,-3746.487,8.784516,-1401.373,4000,0.001708984,80,0.0241169,0,13.421,13.3338,16.185344,4893241962454,0,6385,1,1,1
perf,inwall-all-on,583,9378.434908,-3746.487,8.784516,-1401.373,4000,0.001708984,80,0.02159179,0,13.8647,11.4717,13.838336,4893242101317,16.185344,6386,1,1,1
perf,inwall-all-on,584,9378.451394,-3746.487,8.784516,-1401.373,4000,0.001708984,80,0.01926677,0,14.2819,12.1442,0,0,13.838336,6387,1,1,1
perf,inwall-all-on,585,9378.467725,-3746.487,8.784516,-1401.373,4000,0.001708984,80,0.01673554,0,17.6564,10.6149,11.215872,4893242379736,0,6388,1,1,1
perf,inwall-all-on,586,9378.484660,-3746.487,8.784516,-1401.373,4000,0.001708984,80,0.0148153,0,15.2786,11.2124,15.589376,4893242516144,11.215872,6389,1,1,1
perf,inwall-all-on,587,9378.500700,-3746.487,8.784516,-1401.373,4000,0.001708984,80,0.012951,0,16.8592,11.3852,14.516224,4893242654613,15.589376,6390,1,1,1
perf,inwall-all-on,588,9378.515991,-3746.487,8.784516,-1401.373,4000,0.001708984,80,0.01139856,0,16.0048,12.5273,0,0,14.516224,6391,1,1,1
perf,inwall-all-on,589,9378.531235,-3746.487,8.784516,-1401.373,4000,0.001708984,80,0.01008593,0,15.33819,14.1875,16.483328,4893242974141,0,6392,1,1,1
perf,inwall-all-on,590,9378.546907,-3746.487,8.784516,-1401.373,4000,0.001708984,80,0.008933973,0,15.2023,13.3829,16.626688,4893243126445,16.483328,6393,1,1,1
perf,inwall-all-on,591,9378.560305,-3746.487,8.784516,-1401.373,4000,0.001708984,80,0.007879942,0,15.7378,14.5536,15.193088,4893243295537,16.626688,6394,1,1,1
perf,inwall-all-on,592,9378.573923,-3746.487,8.784516,-1401.373,4000,0.001708984,80,0.007081023,0,13.4015,14.0344,0,0,15.193088,6395,1,1,1
perf,inwall-all-on,593,9378.589266,-3746.487,8.784516,-1401.373,4000,0.001708984,80,0.006351303,0,13.6329,12.8229,16.212992,4893243608938,0,6396,1,1,1
perf,inwall-all-on,594,9378.602949,-3746.487,8.784516,-1401.373,4000,0.001708984,80,0.005620927,0,15.3141,12.1239,14.235648,4893243761002,16.212992,6397,1,1,1
perf,inwall-all-on,595,9378.619170,-3746.487,8.784516,-1401.373,4000,0.001708984,80,0,0,14.927,13.1276,14.741504,4893243918255,14.235648,6398,1,1,1
perf,inwall-all-on,596,9378.633003,-3746.487,8.784516,-1401.373,4000,0.001708984,80,0,0,14.94349,11.2321,11.630592,4893244052009,14.741504,6399,1,1,1
perf,inwall-all-on,597,9378.649056,-3746.487,8.784516,-1401.373,4000,0.001708984,80,0,0,13.80551,11.4909,13.981696,4893244187874,11.630592,6400,1,1,1
perf,inwall-all-on,598,9378.662694,-3746.487,8.784516,-1401.373,4000,0.001708984,80,0,0,16.0754,13.0185,14.722048,4893244341837,13.981696,6401,1,1,1
perf,inwall-all-on,599,9378.677293,-3746.487,8.784516,-1401.373,4000,0.001708984,80,0,0,13.6847,11.7417,17.3568,4893244490882,14.722048,6402,1,1,1
perf,inwall-all-on,600,9378.695223,-3746.487,8.784516,-1401.373,4000,0.001708984,80,0,0,18.0557,12.2764,14.854144,4893244640594,17.3568,6403,1,1,1
perf,inwall-all-on,601,9378.709065,-3746.487,8.784516,-1401.373,4000,0.001708984,80,0,0,15.028,12.0128,13.872128,4893244778682,14.854144,6404,1,1,1
perf,inwall-all-on,602,9378.726823,-3746.487,8.784516,-1401.373,4000,0.001708984,80,0,0,13.233,13.3637,0,0,13.872128,6405,1,1,1
perf,inwall-all-on,603,9378.739557,-3746.487,8.784516,-1401.373,4000,0.001708984,80,0,0,18.105,11.0022,17.803264,4893245076033,0,6406,1,1,1
perf,inwall-all-on,604,9378.755803,-3746.487,8.784516,-1401.373,4000,0.001708984,80,0,0,12.3593,11.1948,0,0,17.803264,6407,1,1,1
perf,inwall-all-on,605,9378.770332,-3746.487,8.784516,-1401.373,4000,0.001708984,80,0,0,17.4347,11.9682,14.685184,4893245406767,0,6408,1,1,1
perf,inwall-all-on,606,9378.785466,-3746.487,8.784516,-1401.373,4000,0.001708984,80,0,0,13.3842,11.2383,0,0,14.685184,6409,1,1,1
perf,inwall-all-on,607,9378.799781,-3746.487,8.784516,-1401.373,4000,0.001708984,80,0,0,15.1316,14.6293,12.043264,4893245719628,0,6410,1,1,1
perf,inwall-all-on,608,9378.815782,-3746.487,8.784516,-1401.373,4000,0.001708984,80,0,0,14.2852,10.4553,16.493568,4893245844070,12.043264,6411,1,1,1
perf,inwall-all-on,609,9378.830463,-3746.487,8.784516,-1401.373,4000,0.001708984,80,0,0,16.0468,13.5829,13.331456,4893246017996,16.493568,6412,1,1,1
perf,inwall-all-on,610,9378.844476,-3746.487,8.784516,-1401.373,4000,0.001708984,80,0,0,14.6313,11.2076,15.11936,4893246152054,13.331456,6413,1,1,1
perf,inwall-all-on,611,9378.857693,-3746.487,8.784516,-1401.373,4000,0.001708984,80,0,0,14.2933,12.9865,16.388096,4893246303523,15.11936,6414,1,1,1
perf,inwall-all-on,612,9378.871042,-3746.487,8.784516,-1401.373,4000,0.001708984,80,0,0,12.949,11.8726,15.070208,4893246446417,16.388096,6415,1,1,1
perf,inwall-all-on,613,9378.885082,-3746.487,8.784516,-1401.373,4000,0.001708984,80,0,0,13.3477,13.3305,15.029248,4893246606805,15.070208,6416,1,1,1
perf,inwall-all-on,614,9378.900995,-3746.487,8.784516,-1401.373,4000,0.001708984,80,0,0,14.0667,12.0858,14.199808,4893246753212,15.029248,6417,1,1,1
perf,inwall-all-on,615,9378.916492,-3746.487,8.784516,-1401.373,4000,0.001708984,80,0,0,15.8726,11.2933,12.724224,4893246895857,14.199808,6418,1,1,1
perf,inwall-all-on,616,9378.931934,-3746.487,8.784516,-1401.373,4000,0.001708984,80,0,0,16.709,11.0251,11.119616,4893247025583,12.724224,6419,1,1,1
perf,inwall-all-on,617,9378.946964,-3746.487,8.784516,-1401.373,4000,0.001708984,80,0,0,14.2416,11.443,14.329856,4893247159069,11.119616,6420,1,1,1
perf,inwall-all-on,618,9378.959305,-3746.487,8.784516,-1401.373,4000,0.001708984,80,0,0,15.0805,11.8739,18.219008,4893247299731,14.329856,6421,1,1,1
perf,inwall-all-on,619,9378.973989,-3746.487,8.784516,-1401.373,4000,0.001708984,80,0,0,12.2903,10.8584,0,0,18.219008,6422,1,1,1
perf,inwall-all-on,620,9378.988344,-3746.487,8.784516,-1401.373,4000,0.001708984,80,0,0,14.7219,13.1081,15.442944,4893247625415,0,6423,1,1,1
perf,inwall-all-on,621,9379.001212,-3746.487,8.784516,-1401.373,4000,0.001708984,80,0,0,14.3664,10.8903,13.882368,4893247767977,15.442944,6424,1,1,1
perf,inwall-all-on,622,9379.016422,-3746.487,8.784516,-1401.373,4000,0.001708984,80,0,0,12.8454,11.8561,15.081472,4893247918657,13.882368,6425,1,1,1
perf,inwall-all-on,623,9379.030016,-3746.487,8.784516,-1401.373,4000,0.001708984,80,0,0,15.2337,10.4492,11.24864,4893248041659,15.081472,6426,1,1,1
perf,inwall-all-on,624,9379.045491,-3746.487,8.784516,-1401.373,4000,0.001708984,80,0,0,13.5674,12.5911,13.416448,4893248188482,11.24864,6427,1,1,1
perf,inwall-all-on,625,9379.057496,-3746.487,8.784516,-1401.373,4000,0.001708984,80,0,0,15.5625,12.1414,15.169536,4893248332566,13.416448,6428,1,1,1
perf,inwall-all-on,626,9379.071243,-3746.487,8.784516,-1401.373,4000,0.001708984,80,0,0,11.8835,10.8051,14.000128,4893248461048,15.169536,6429,1,1,1
perf,inwall-all-on,627,9379.086389,-3746.487,8.784516,-1401.373,4000,0.001708984,80,0,0,14.8836,12.8045,15.828992,4893248613294,14.000128,6430,1,1,1
perf,inwall-all-on,628,9379.100147,-3746.487,8.784516,-1401.373,4000,0.001708984,80,0,0.8,14.147,11.2652,15.054848,4893248748945,15.828992,6431,1,1,1
perf,inwall-all-on,629,9379.116958,-3746.487,8.784516,-1401.373,4000,0.001708984,80,0,0.7253637,13.8407,12.4527,0,0,15.054848,6432,1,1,1
perf,inwall-all-on,630,9379.129753,-3746.487,8.784516,-1401.373,4000,0.001708984,80,0,0.6447,16.6577,10.0367,10.596352,4893249023553,0,6433,1,1,1
perf,inwall-all-on,631,9379.145965,-3746.487,8.784516,-1401.373,4000,0.001708984,80,0,0.5890512,12.756,11.5878,14.456832,4893249172214,10.596352,6434,1,1,1
perf,inwall-all-on,632,9379.168513,-3746.487,8.784516,-1401.373,4000,0.001708984,80,0,0.523645,16.633,11.7737,14.792704,4893249313623,14.456832,6435,1,1,1
perf,inwall-all-on,633,9379.185429,-3746.487,8.784516,-1401.373,4000,0.001708984,80,0,0.4478107,22.1085,11.4222,13.652992,4893249450105,14.792704,6436,1,1,1
perf,inwall-all-on,634,9379.200837,-3746.487,8.784516,-1401.373,4000,0.001708984,80,0,0.3971099,17.0587,13.9048,17.522688,4893249618681,13.652992,6437,1,1,1
perf,inwall-all-on,635,9379.216996,-3746.487,8.784516,-1401.373,4000,0.001708984,80,0,0.360866,15.2713,10.7134,21.16608,4893249746243,17.522688,6438,1,1,1
perf,inwall-all-on,636,9379.236454,-3746.487,8.784516,-1401.373,4000,0.001708984,80,0,0.3765959,17.9201,13.3275,0,0,21.16608,6439,1,1,1
perf,inwall-all-on,637,9379.257000,-3746.487,8.784516,-1401.373,4000,0.001708984,80,0,0.6078005,19.1774,20.2049,19.960832,4893250133784,0,6440,1,1,1
perf,inwall-all-on,638,9379.271599,-3746.487,8.784516,-1401.373,4000,0.001708984,80,0,0.798054,19.2416,14.1824,11.388928,4893250304305,19.960832,6441,1,1,1
perf,inwall-all-on,639,9379.287840,-3746.487,8.784516,-1401.373,4000,0.001708984,80,0,0.5997698,14.4141,12.9298,22.3488,4893250457095,11.388928,6442,1,1,1
perf,inwall-all-on,640,9379.301380,-3746.487,8.784516,-1401.373,4000,0.001708984,80,0,0.3068377,16.29221,13.0423,18.731008,4893250620163,22.3488,6443,1,1,1
perf,inwall-all-on,641,9379.316391,-3746.487,8.784516,-1401.373,4000,0.001708984,80,0,0.1972918,13.477,16.6443,0,0,18.731008,6444,1,1,1
perf,inwall-all-on,642,9379.329666,-3746.487,8.784516,-1401.373,4000,0.001708984,80,0,0.1589937,15.1055,15.1387,11.169792,4893251020232,0,6445,1,1,1
perf,inwall-all-on,643,9379.347440,-3746.487,8.784516,-1401.373,4000,0.001708984,80,0,0.1431591,13.3018,12.507,13.917184,4893251164609,11.169792,6446,1,1,1
perf,inwall-all-on,644,9379.360681,-3746.487,8.784516,-1401.373,4000,0.001708984,80,0,0.1261379,17.784,13.7838,13.42976,4893251327418,13.917184,6447,1,1,1
perf,inwall-all-on,645,9379.376864,-3746.487,8.784516,-1401.373,4000,0.001708984,80,0,0.1150371,13.1847,11.3409,14.196736,4893251462335,13.42976,6448,1,1,1
perf,inwall-all-on,646,9379.392169,-3746.487,8.784516,-1401.373,4000,0.001708984,80,0,0.1063293,16.2126,12.5542,0,0,14.196736,6449,1,1,1
perf,inwall-all-on,647,9379.409284,-3746.487,8.784516,-1401.373,4000,0.001708984,80,0,0.1389346,17.5099,10.8122,20.279296,4893251745615,0,6450,1,1,1
perf,inwall-all-on,648,9379.424024,-3746.487,8.784516,-1401.373,4000,0.001708984,80,0,0.2548366,14.8931,14.9229,18.59584,4893251924002,20.279296,6451,1,1,1
perf,inwall-all-on,649,9379.438274,-3746.487,8.784516,-1401.373,4000,0.001708984,80,0,0.3521064,14.7008,10.5062,17.467392,4893252055963,18.59584,6452,1,1,1
perf,inwall-all-on,650,9379.454581,-3746.487,8.784516,-1401.373,4000,0.001708984,80,0,0.27289,14.581,13.7417,13.459456,4893252217983,17.467392,6453,1,1,1
perf,inwall-all-on,651,9379.470603,-3746.487,8.784516,-1401.373,4000,0.001708984,80,0,0.1209186,15.9744,12.8126,14.210048,4893252392726,13.459456,6454,1,1,1
perf,inwall-all-on,652,9379.485214,-3746.487,8.784516,-1401.373,4000,0.001708984,80,0,0.06010208,16.0179,12.818,14.619648,4893252541664,14.210048,6455,1,1,1
perf,inwall-all-on,653,9379.500277,-3746.487,8.784516,-1401.373,4000,0.001708984,80,0,0.04807469,14.6066,12.3158,11.408384,4893252689174,14.619648,6456,1,1,1
perf,inwall-all-on,654,9379.515372,-3746.487,8.784516,-1401.373,4000,0.001708984,80,0,0.04281738,15.0291,12.1757,16.023552,4893252833778,11.408384,6457,1,1,1
perf,inwall-all-on,655,9379.529853,-3746.487,8.784516,-1401.373,4000,0.001708984,80,0,0.0384566,15.1384,13.596,14.691328,4893252994710,16.023551,6458,1,1,1
perf,inwall-all-on,656,9379.546634,-3746.487,8.784516,-1401.373,4000,0.001708984,80,0,0.0346884,14.5717,13.8369,14.952448,4893253154838,14.691328,6459,1,1,1
perf,inwall-passes-off,758,9381.068354,-3746.487,8.784516,-1401.373,4000,0.001708984,80,0.3122597,0,15.4035,11.1465,14.844928,4893268422654,15.75936,6561,1,1,0
perf,inwall-passes-off,759,9381.082468,-3746.487,8.784516,-1401.373,4000,0.001708984,80,0.1833457,0,13.9205,12.2844,11.364352,4893268575924,14.844928,6562,1,1,0
perf,inwall-passes-off,760,9381.096995,-3746.487,8.784516,-1401.373,4000,0.001708984,80,0.1506257,0,14.1553,11.0459,12.198912,4893268716157,11.364352,6563,1,1,0
perf,inwall-passes-off,761,9381.112037,-3746.487,8.784516,-1401.373,4000,0.001708984,80,0.1318572,0,14.5156,10.3573,15.62112,4893268838833,12.198912,6564,1,1,0
perf,inwall-passes-off,762,9381.125686,-3746.487,8.784516,-1401.373,4000,0.001708984,80,0.1152765,0,15.1475,12.6154,14.557184,4893268992719,15.62112,6565,1,1,0
perf,inwall-passes-off,763,9381.141168,-3746.487,8.784516,-1401.373,4000,0.001708984,80,0.1070582,0,16.001,12.048,15.347712,4893269132122,14.557184,6566,1,1,0
perf,inwall-passes-off,764,9381.156509,-3746.487,8.784516,-1401.373,4000,0.001708984,80,0.1538655,0,13.1059,11.5825,14.871552,4893269273620,15.347712,6567,1,1,0
perf,inwall-passes-off,765,9381.171336,-3746.487,8.784516,-1401.373,4000,0.001708984,80,0.3184279,0,15.29259,12.3247,16.089088,4893269418684,14.871552,6568,1,1,0
perf,inwall-passes-off,766,9381.186539,-3746.487,8.784516,-1401.373,4000,0.001708984,80,0.3054112,0,14.7718,12.0603,15.048704,4893269570026,16.089088,6569,1,1,0
perf,inwall-passes-off,767,9381.202030,-3746.487,8.784516,-1401.373,4000,0.001708984,80,0.1205164,0,15.4014,11.6947,12.936192,4893269722811,15.048704,6570,1,1,0
perf,inwall-passes-off,768,9381.217767,-3746.487,8.784516,-1401.373,4000,0.001708984,80,0.05569879,0,15.2929,11.9292,0,0,12.936192,6571,1,1,0
perf,inwall-passes-off,769,9381.234736,-3746.487,8.784516,-1401.373,4000,0.001708984,80,0.04483252,0,15.7695,12.8914,15.67744,4893270014146,0,6572,1,1,0
perf,inwall-passes-off,770,9381.249321,-3746.487,8.784516,-1401.373,4000,0.001708984,80,0.03847924,0,16.9308,12.6965,0,0,15.67744,6573,1,1,0
perf,inwall-passes-off,771,9381.262702,-3746.487,8.784516,-1401.373,4000,0.001708984,80,0.0337546,0,14.6494,12.9305,16.139264,4893270315397,0,6574,1,1,0
perf,inwall-passes-off,772,9381.277586,-3746.487,8.784516,-1401.373,4000,0.001708984,80,0.02994746,0,13.3814,13.5628,15.06816,4893270468920,16.139264,6575,1,1,0
perf,inwall-passes-off,773,9381.292556,-3746.487,8.784516,-1401.373,4000,0.001708984,80,0.02582488,0,16.5614,13.4171,16.003072,4893270626572,15.06816,6576,1,1,0
perf,inwall-passes-off,774,9381.306714,-3746.487,8.784516,-1401.373,4000,0.001708984,80,0.0229348,0,13.2714,14.9901,14.097408,4893270795938,16.003072,6577,1,1,0
perf,inwall-passes-off,775,9381.330506,-3746.487,8.784516,-1401.373,4000,0.001708984,80,0.02020966,0,14.1463,12.0154,15.850496,4893270942303,14.097408,6578,1,1,0
perf,inwall-passes-off,776,9381.345226,-3746.487,8.784516,-1401.373,4000,0.001708984,80,0.01632909,0,23.8419,11.0939,15.233024,4893271076071,15.850496,6579,1,1,0
perf,inwall-passes-off,777,9381.359974,-3746.487,8.784516,-1401.373,4000,0.001708984,80,0.01430783,0,14.7756,11.688,11.341824,4893271240891,15.233024,6580,1,1,0
perf,inwall-passes-off,778,9381.373164,-3746.487,8.784516,-1401.373,4000,0.001708984,80,0.01254319,0,14.7194,11.1826,24.487936,4893271374420,11.341824,6581,1,1,0
perf,inwall-passes-off,779,9381.388345,-3746.487,8.784516,-1401.373,4000,0.001708984,80,0.01115754,0,13.0894,11.2037,17.18784,4893271515907,24.487936,6582,1,1,0
perf,inwall-passes-off,780,9381.401951,-3746.487,8.784516,-1401.373,4000,0.001708984,80,0.009731014,0,15.2968,20.8472,14.485504,4893271754223,17.18784,6583,1,1,0
perf,inwall-passes-off,781,9381.418191,-3746.487,8.784516,-1401.373,4000,0.001708984,80,0.008626254,0,13.4757,11.9841,0,0,14.485504,6584,1,1,0
perf,inwall-passes-off,782,9381.433503,-3746.487,8.784516,-1401.373,4000,0.001708984,80,0.007455909,0,16.3041,12.351,12.796928,4893272049174,0,6585,1,1,0
perf,inwall-passes-off,783,9381.451549,-3746.487,8.784516,-1401.373,4000,0.001708984,80,0.006440391,0,16.3717,10.8647,14.902272,4893272180207,12.796928,6586,1,1,0
perf,inwall-passes-off,784,9381.467534,-3746.487,8.784516,-1401.373,4000,0.001708984,80,0.005534134,0,16.9597,12.5312,16.101376,4893272332446,14.902272,6587,1,1,0
perf,inwall-passes-off,785,9381.482980,-3746.487,8.784516,-1401.373,4000,0.001708984,80,0,0,15.9687,11.753,0,0,16.101375,6588,1,1,0
perf,inwall-passes-off,786,9381.497543,-3746.487,8.784516,-1401.373,4000,0.001708984,80,0,0,15.4626,13.8432,18.490368,4893272630935,0,6589,1,1,0
perf,inwall-passes-off,787,9381.513173,-3746.487,8.784516,-1401.373,4000,0.001708984,80,0,0,14.5384,11.5997,17.385472,4893272794704,18.490368,6590,1,1,0
perf,inwall-passes-off,788,9381.526586,-3746.487,8.784516,-1401.373,4000,0.001708984,80,0,0,15.855,14.6977,14.285824,4893272964347,17.385472,6591,1,1,0
perf,inwall-passes-off,789,9381.541040,-3746.487,8.784516,-1401.373,4000,0.001708984,80,0,0,13.4448,14.1045,15.023104,4893273123960,14.285824,6592,1,1,0
perf,inwall-passes-off,790,9381.555928,-3746.487,8.784516,-1401.373,4000,0.001708984,80,0,0,14.2421,12.9474,16.333824,4893273278655,15.023104,6593,1,1,0
perf,inwall-passes-off,791,9381.570791,-3746.487,8.784516,-1401.373,4000,0.001708984,80,0,0,14.8983,12.1712,14.188544,4893273424053,16.333824,6594,1,1,0
perf,inwall-passes-off,792,9381.586563,-3746.487,8.784516,-1401.373,4000,0.001708984,80,0,0,14.8604,12.6132,11.483136,4893273582233,14.188544,6595,1,1,0
perf,inwall-passes-off,793,9381.600701,-3746.487,8.784516,-1401.373,4000,0.001708984,80,0,0,16.9337,11.1264,17.13664,4893273716818,11.483136,6596,1,1,0
perf,inwall-passes-off,794,9381.615751,-3746.487,8.784516,-1401.373,4000,0.001708984,80,0,0,12.9275,10.5008,11.952128,4893273859081,17.13664,6597,1,1,0
perf,inwall-passes-off,795,9381.630943,-3746.487,8.784516,-1401.373,4000,0.001708984,80,0,0,15.1134,12.6318,15.848448,4893274008343,11.952128,6598,1,1,0
perf,inwall-passes-off,796,9381.646608,-3746.487,8.784516,-1401.373,4000,0.001708984,80,0,0,15.1219,11.6585,16.233472,4893274156669,15.848448,6599,1,1,0
perf,inwall-passes-off,797,9381.658679,-3746.487,8.784516,-1401.373,4000,0.001708984,80,0,0,15.9601,13.3551,14.424064,4893274326196,16.233471,6600,1,1,0
perf,inwall-passes-off,798,9381.671752,-3746.487,8.784516,-1401.373,4000,0.001708984,80,0,0,11.8063,11.0343,0,0,14.424064,6601,1,1,0
perf,inwall-passes-off,799,9381.687300,-3746.487,8.784516,-1401.373,4000,0.001708984,80,0,0,13.0468,11.9845,15.199232,4893274606721,0,6602,1,1,0
perf,inwall-passes-off,800,9381.701795,-3746.487,8.784516,-1401.373,4000,0.001708984,80,0,0,15.6134,12.7238,14.114816,4893274758032,15.199232,6603,1,1,0
perf,inwall-passes-off,801,9381.719001,-3746.487,8.784516,-1401.373,4000,0.001708984,80,0,0,14.4168,12.7654,11.154432,4893274915650,14.114816,6604,1,1,0
perf,inwall-passes-off,802,9381.734441,-3746.487,8.784516,-1401.373,4000,0.001708984,80,0,0,17.2574,10.104,14.427136,4893275035539,11.154432,6605,1,1,0
perf,inwall-passes-off,803,9381.750007,-3746.487,8.784516,-1401.373,4000,0.001708984,80,0,0,15.4117,11.2535,15.25248,4893275166178,14.427136,6606,1,1,0
perf,inwall-passes-off,804,9381.769317,-3746.487,8.784516,-1401.373,4000,0.001708984,80,0,0,16.8377,13.2118,16.569344,4893275322115,15.25248,6607,1,1,0
perf,inwall-passes-off,805,9381.788968,-3746.487,8.784516,-1401.373,4000,0.001708984,80,0,0,18.0406,12.5335,16.891904,4893275466499,16.569344,6608,1,1,0
perf,inwall-passes-off,806,9381.806065,-3746.487,8.784516,-1401.373,4000,0.001708984,80,0,0,19.7355,14.6543,19.218432,4893275638915,16.891904,6609,1,1,0
perf,inwall-passes-off,807,9381.824155,-3746.487,8.784516,-1401.373,4000,0.001708984,80,0,0,17.07899,13.2804,23.349248,4893275793064,19.218432,6610,1,1,0
perf,inwall-passes-off,808,9381.842033,-3746.487,8.784516,-1401.373,4000,0.001708984,80,0,0,18.1048,12.8067,0,0,23.349248,6611,1,1,0
perf,inwall-passes-off,809,9381.857185,-3746.487,8.784516,-1401.373,4000,0.001708984,80,0,0,17.8222,15.8403,14.2336,4893276141787,0,6612,1,1,0
perf,inwall-passes-off,810,9381.872260,-3746.487,8.784516,-1401.373,4000,0.001708984,80,0,0,15.2838,14.8619,19.116032,4893276339065,14.2336,6613,1,1,0
perf,inwall-passes-off,811,9381.888627,-3746.487,8.784516,-1401.373,4000,0.001708984,80,0,0,14.9991,14.791,0,0,19.116032,6614,1,1,0
perf,inwall-passes-off,812,9381.904798,-3746.487,8.784516,-1401.373,4000,0.001708984,80,0,0,16.4634,12.1245,17.6896,4893276690910,0,6615,1,1,0
perf,inwall-passes-off,813,9381.921336,-3746.487,8.784516,-1401.373,4000,0.001708984,80,0,0,17.1293,14.9718,16.208896,4893276869173,17.6896,6616,1,1,0
perf,inwall-passes-off,814,9381.934827,-3746.487,8.784516,-1401.373,4000,0.001708984,80,0,0,15.4198,12.3019,13.36832,4893277022055,16.208896,6617,1,1,0
perf,inwall-passes-off,815,9381.952074,-3746.487,8.784516,-1401.373,4000,0.001708984,80,0,0,13.4655,11.0666,11.047936,4893277171896,13.36832,6618,1,1,0
perf,inwall-passes-off,816,9381.969600,-3746.487,8.784516,-1401.373,4000,0.001708984,80,0,0,17.2815,13.9349,12.939264,4893277336510,11.047936,6619,1,1,0
perf,inwall-passes-off,817,9381.989610,-3746.487,8.784516,-1401.373,4000,0.001708984,80,0,0,17.5028,13.061,20.332544,4893277507893,12.939264,6620,1,1,0
perf,inwall-passes-off,818,9382.004345,-3746.487,8.784516,-1401.373,4000,0.001708984,80,0,0,20.0451,12.7816,12.520448,4893277662275,20.332544,6621,1,1,0
perf,inwall-passes-off,819,9382.019634,-3746.487,8.784516,-1401.373,4000,0.001708984,80,0,0,14.7215,11.2328,25.239552,4893277796956,12.520448,6622,1,1,0
perf,inwall-passes-off,820,9382.035003,-3746.487,8.784516,-1401.373,4000,0.001708984,80,0,0,15.4801,14.6572,9.37472,4893277969725,25.239552,6623,1,1,0
perf,inwall-passes-off,821,9382.050762,-3746.487,8.784516,-1401.373,4000,0.001708984,80,0,0,15.1398,15.4274,0,0,9.37472,6624,1,1,0
perf,inwall-passes-off,822,9382.064340,-3746.487,8.784516,-1401.373,4000,0.001708984,80,0,0,15.7852,14.6794,14.349312,4893278345221,0,6625,1,1,0
perf,inwall-passes-off,823,9382.080139,-3746.487,8.784516,-1401.373,4000,0.001708984,80,0,0,14.6549,12.6223,16.417792,4893278492262,14.349312,6626,1,1,0
perf,inwall-passes-off,824,9382.094088,-3746.487,8.784516,-1401.373,4000,0.001708984,80,0,0,14.7473,12.8122,15.435776,4893278646531,16.417791,6627,1,1,0
perf,inwall-passes-off,825,9382.108807,-3746.487,8.784516,-1401.373,4000,0.001708984,80,0,0,14.3095,13.4528,0,0,15.435776,6628,1,1,0
perf,inwall-passes-off,826,9382.124661,-3746.487,8.784516,-1401.373,4000,0.001708984,80,0,0,14.3345,13.4737,15.356928,4893278956484,0,6629,1,1,0
perf,inwall-passes-off,827,9382.139179,-3746.487,8.784516,-1401.373,4000,0.001708984,80,0,0,15.9018,11.1253,15.403008,4893279103000,15.356928,6630,1,1,0
perf,inwall-passes-off,828,9382.158779,-3746.487,8.784516,-1401.373,4000,0.001708984,80,0,0,14.4371,11.729,15.538176,4893279250388,15.403008,6631,1,1,0
perf,inwall-passes-off,829,9382.173572,-3746.487,8.784516,-1401.373,4000,0.001708984,80,0,0,19.8041,11.6861,15.261696,4893279390522,15.538176,6632,1,1,0
perf,inwall-passes-off,830,9382.188919,-3746.487,8.784516,-1401.373,4000,0.001708984,80,0,0,14.5849,12.67,14.431232,4893279536854,15.261696,6633,1,1,0
perf,inwall-passes-off,831,9382.202593,-3746.487,8.784516,-1401.373,4000,0.001708984,80,0,0,15.388,12.8033,20.256768,4893279695863,14.431232,6634,1,1,0
perf,inwall-passes-off,832,9382.247857,-3746.487,8.784516,-1401.373,4000,0.001708984,80,0,0,13.7212,12.5029,16.11264,4893279840372,20.256768,6635,1,1,0
perf,inwall-passes-off,833,9382.293205,-3746.487,8.784516,-1401.373,4000,0.001708984,80,0,0,65.90609,15.9675,9.713664,4893280037454,16.112639,6636,1,1,0
perf,inwall-passes-off,834,9382.318800,-3746.487,8.784516,-1401.373,4000,0.001708984,80,0,0.8,24.8299,12.7546,15.766528,4893280184279,9.713664,6637,1,1,0
perf,inwall-passes-off,835,9382.341989,-3746.487,8.784516,-1401.373,4000,0.001708984,80,0,0.6501727,25.4002,13.0837,48.775168,4893280338093,15.766528,6638,1,1,0
perf,inwall-passes-off,836,9382.359573,-3746.487,8.784516,-1401.373,4000,0.001708984,80,0,0.5373501,23.346,11.7477,30.928896,4893280475226,48.775168,6639,1,1,0
perf,inwall-passes-off,837,9382.374582,-3746.487,8.784516,-1401.373,4000,0.001708984,80,0,0.4658292,17.49629,42.1258,31.785984,4893281132574,30.928896,6640,1,1,0
perf,inwall-passes-off,838,9382.390750,-3746.487,8.784516,-1401.373,4000,0.001708984,80,0,0.41203,15.0533,18.0953,17.947648,4893281382271,31.785984,6641,1,1,0
perf,inwall-passes-off,839,9382.406322,-3746.487,8.784516,-1401.373,4000,0.001708984,80,0,0.3645746,16.0683,19.011,14.96576,4893281636666,17.947648,6642,1,1,0
perf,inwall-passes-off,840,9382.422093,-3746.487,8.784516,-1401.373,4000,0.001708984,80,0,0.3679061,15.59979,14.1517,15.6416,4893281869113,14.96576,6643,1,1,0
perf,inwall-passes-off,841,9382.440337,-3746.487,8.784516,-1401.373,4000,0.001708984,80,0,0.5806012,16.9086,15.1433,12.495872,4893282044912,15.6416,6644,1,1,0
perf,inwall-passes-off,842,9382.457762,-3746.487,8.784516,-1401.373,4000,0.001708984,80,0,0.8,17.1509,12.7926,22.987776,4893282195570,12.495872,6645,1,1,0
perf,inwall-passes-off,843,9382.476002,-3746.487,8.784516,-1401.373,4000,0.001708984,80,0,0.5065762,17.3652,13.8453,15.227904,4893282356345,22.987776,6646,1,1,0
perf,inwall-passes-off,844,9382.500280,-3746.487,8.784516,-1401.373,4000,0.001708984,80,0,0.2190617,18.3035,13.4481,15.809536,4893282511835,15.227904,6647,1,1,0
perf,inwall-passes-off,845,9382.517090,-3746.487,8.784516,-1401.373,4000,0.001708984,80,0,0.1480301,24.2341,13.1524,13.275136,4893282681253,15.809536,6648,1,1,0
perf,inwall-passes-off,846,9382.536357,-3746.487,8.784516,-1401.373,4000,0.001708984,80,0,0.128737,16.8553,11.6159,22.093824,4893282852039,13.275136,6649,1,1,0
perf,inwall-passes-off,847,9382.564039,-3746.487,8.784516,-1401.373,4000,0.001708984,80,0,0.1080781,22.9135,15.1718,18.292736,4893283026537,22.093824,6650,1,1,0
perf,inwall-passes-off,848,9382.584059,-3746.487,8.784516,-1401.373,4000,0.001708984,80,0,0.1647561,24.0997,15.9479,18.101248,4893283209050,18.292736,6651,1,1,0
perf,inwall-passes-off,849,9382.600705,-3746.487,8.784516,-1401.373,4000,0.001708984,80,0,0.351219,21.2516,16.2663,16.704512,4893283451855,18.101248,6652,1,1,0
perf,inwall-passes-off,850,9382.618366,-3746.487,8.784516,-1401.373,4000,0.001708984,80,0,0.2480474,15.2566,14.0608,28.065792,4893283620305,16.704512,6653,1,1,0
perf,inwall-passes-off,851,9382.633731,-3746.487,8.784516,-1401.373,4000,0.001708984,80,0,0.08403547,17.7317,16.5169,18.955264,4893283849096,28.065792,6654,1,1,0
perf,inwall-passes-off,852,9382.650285,-3746.487,8.784516,-1401.373,4000,0.001708984,80,0,0.05133229,15.2947,18.8458,18.125824,4893284090490,18.955264,6655,1,1,0
perf,inwall-passes-off,853,9382.664851,-3746.487,8.784516,-1401.373,4000,0.001708984,80,0,0.04339609,16.7042,14.7923,16.427008,4893284302986,18.125824,6656,1,1,0
perf,inwall-passes-off,854,9382.680485,-3746.487,8.784516,-1401.373,4000,0.001708984,80,0,0.03856568,14.3989,13.2535,16.370688,4893284455726,16.427008,6657,1,1,0
perf,inwall-passes-off,855,9382.698314,-3746.487,8.784516,-1401.373,4000,0.001708984,80,0,0.03391006,15.758,15.1416,14.7456,4893284632923,16.370688,6658,1,1,0
perf,inwall-passes-off,856,9382.715135,-3746.487,8.784516,-1401.373,4000,0.001708984,80,0,0.02933854,17.738,13.3202,15.986688,4893284785952,14.7456,6659,1,1,0
perf,inwall-passes-off,857,9382.737678,-3746.487,8.784516,-1401.373,4000,0.001708984,80,0,0.02534185,17.9398,13.1064,0,0,15.986688,6660,1,1,0
perf,inwall-passes-off,858,9382.770864,-3746.487,8.784516,-1401.373,4000,0.001708984,80,0,0.0207706,24.3657,11.6416,15.663104,4893285097055,0,6661,1,1,0
perf,inwall-passes-off,859,9382.801669,-3746.487,8.784516,-1401.373,4000,0.001708984,80,0,0.01616673,30.696,12.6891,17.6896,4893285254514,15.663104,6662,1,1,0
perf,inwall-passes-off,860,9382.820635,-3746.487,8.784516,-1401.373,4000,0.001708984,80,0,0.01261216,30.4131,15.4066,23.614464,4893285431947,17.6896,6663,1,1,0
perf,inwall-passes-off,861,9382.849145,-3746.487,8.784516,-1401.373,4000,0.001708984,80,0,0.01080199,18.9793,13.9598,32.992256,4893285600509,23.614464,6664,1,1,0
perf,inwall-passes-off,862,9382.866809,-3746.487,8.784516,-1401.373,4000,0.001708984,80,0,0.008564538,28.4297,19.5447,31.816704,4893285850833,32.992255,6665,1,1,0
perf,inwall-passes-off,863,9382.885484,-3746.487,8.784516,-1401.373,4000,0.001708984,80,0,0.007405772,17.8069,27.1341,0,0,31.816704,6666,1,1,0
perf,inwall-passes-off,864,9382.900977,-3746.487,8.784516,-1401.373,4000,0.001708984,80,0,0.006361053,18.6272,28.0491,26.242048,4893286466056,0,6667,1,1,0
perf,inwall-passes-off,865,9382.920395,-3746.487,8.784516,-1401.373,4000,0.001708984,80,0,0.005559053,16.5094,16.0275,14.738432,4893286655663,26.242048,6668,1,1,0
perf,inwall-passes-off,866,9382.939527,-3746.487,8.784516,-1401.373,4000,0.001708984,80,0,0,18.5567,23.1393,17.518592,4893286940118,14.738432,6669,1,1,0
perf,inwall-passes-off,867,9382.957285,-3746.487,8.784516,-1401.373,4000,0.001708984,80,0,0,18.8898,14.1369,16.751616,4893287117394,17.518592,6670,1,1,0
perf,inwall-passes-off,868,9382.984352,-3746.487,8.784516,-1401.373,4000,0.001708984,80,0,0,17.8319,15.8903,18.454528,4893287304449,16.751615,6671,1,1,0
perf,inwall-passes-off,869,9383.001076,-3746.487,8.784516,-1401.373,4000,0.001708984,80,0,0,26.9591,13.2117,0,0,18.454528,6671,1,1,0
perf,inwall-passes-off,870,9383.019588,-3746.487,8.784516,-1401.373,4000,0.001708984,80,0,0,16.7712,15.0982,18.566144,4893287653370,0,6673,1,1,0
perf,inwall-passes-off,871,9383.039209,-3746.487,8.784516,-1401.373,4000,0.001708984,80,0,0,18.5384,13.4839,27.11552,4893287843988,18.566144,6674,1,1,0
perf,inwall-passes-off,872,9383.059166,-3746.487,8.784516,-1401.373,4000,0.001708984,80,0,0,19.6284,14.4758,0,0,27.11552,6675,1,1,0
perf,inwall-passes-off,873,9383.083088,-3746.487,8.784516,-1401.373,4000,0.001708984,80,0,0,21.3479,25.0392,14.282752,4893288292066,0,6676,1,1,0
perf,inwall-passes-off,874,9383.107953,-3746.487,8.784516,-1401.373,4000,0.001708984,80,0,0,22.4549,14.3758,19.559424,4893288459694,14.282752,6677,1,1,0
perf,inwall-passes-off,875,9383.138737,-3746.487,8.784516,-1401.373,4000,0.001708984,80,0,0,25.7177,15.8161,0,0,19.559424,6678,1,1,0
perf,inwall-passes-off,876,9383.163095,-3746.487,8.784516,-1401.373,4000,0.001708984,80,0,0,30.28591,17.2418,24.91904,4893288840786,0,6679,1,1,0
perf,inwall-passes-off,877,9383.187200,-3746.487,8.784516,-1401.373,4000,0.001708984,80,0,0,24.6423,16.4736,30.611456,4893289054390,24.91904,6680,1,1,0
perf,inwall-passes-off,878,9383.204434,-3746.487,8.784516,-1401.373,4000,0.001708984,80,0,0,23.6162,20.1201,20.662272,4893289279455,30.611456,6681,1,1,0
perf,inwall-passes-off,879,9383.224705,-3746.487,8.784516,-1401.373,4000,0.001708984,80,0,0,17.0922,22.0158,26.17344,4893289536170,20.662272,6682,1,1,0
perf,inwall-passes-off,880,9383.245597,-3746.487,8.784516,-1401.373,4000,0.001708984,80,0,0,22.9678,26.0811,23.425024,4893289838507,26.17344,6683,1,1,0
perf,inwall-passes-off,881,9383.268202,-3746.487,8.784516,-1401.373,4000,0.001708984,80,0,0,18.8298,18.0409,0,0,23.425024,6684,1,1,0
perf,inwall-passes-off,882,9383.290123,-3746.487,8.784516,-1401.373,4000,0.001708984,80,0,0,22.07119,19.3992,17.839104,4893290321815,0,6685,1,1,0
perf,inwall-passes-off,883,9383.322533,-3746.487,8.784516,-1401.373,4000,0.001708984,80,0,0,21.8765,14.9261,22.571008,4893290492947,17.839104,6686,1,1,0
perf,inwall-passes-off,884,9383.341462,-3746.487,8.784516,-1401.373,4000,0.001708984,80,0,0,32.3451,17.6724,23.504896,4893290722430,22.571008,6687,1,1,0
perf,inwall-passes-off,885,9383.369092,-3746.487,8.784516,-1401.373,4000,0.001708984,80,0,0,19.06949,15.4539,18.438144,4893290910619,23.504896,6688,1,1,0
perf,inwall-passes-off,886,9383.387611,-3746.487,8.784516,-1401.373,4000,0.001708984,80,0,0,27.5544,18.514,30.819328,4893291131499,18.438144,6689,1,1,0
perf,inwall-passes-off,887,9383.417651,-3746.487,8.784516,-1401.373,4000,0.001708984,80,0,0,19.7188,19.2315,23.339008,4893291350327,30.819328,6690,1,1,0
perf,inwall-passes-off,888,9383.457082,-3746.487,8.784516,-1401.373,4000,0.001708984,80,0,0,29.0009,28.0006,27.313152,4893291673888,23.339008,6691,1,1,0
perf,inwall-passes-off,889,9383.483387,-3746.487,8.784516,-1401.373,4000,0.001708984,80,0,0,39.2979,15.8189,17.772544,4893291863773,27.313152,6692,1,1,0
perf,inwall-passes-off,890,9383.500277,-3746.487,8.784516,-1401.373,4000,0.001708984,80,0,0,26.2958,24.055,28.289024,4893292140026,17.772544,6693,1,1,0
perf,inwall-passes-off,891,9383.523826,-3746.487,8.784516,-1401.373,4000,0.001708984,80,0,0,16.8535,15.8025,45.873152,4893292337167,28.289024,6694,1,1,0
perf,inwall-passes-off,892,9383.542715,-3746.487,8.784516,-1401.373,4000,0.001708984,80,0,0,23.5876,23.2437,21.813248,4893292627103,45.873152,6695,1,1,0
perf,inwall-passes-off,893,9383.566533,-3746.487,8.784516,-1401.373,4000,0.001708984,80,0,0,21.4043,35.6474,15.565824,4893293020124,21.813248,6696,1,1,0
perf,inwall-passes-off,894,9383.586746,-3746.487,8.784516,-1401.373,4000,0.001708984,80,0,0,21.2936,22.6728,29.558784,4893293283153,15.565824,6697,1,1,0
perf,inwall-passes-off,895,9383.608892,-3746.487,8.784516,-1401.373,4000,0.001708984,80,0,0,20.299,13.9479,15.611904,4893293451751,29.558784,6698,1,1,0
perf,inwall-passes-off,896,9383.632403,-3746.487,8.784516,-1401.373,4000,0.001708984,80,0,0,24.1151,19.9944,20.790272,4893293687533,15.611904,6699,1,1,0
perf,inwall-passes-off,897,9383.653791,-3746.487,8.784516,-1401.373,4000,0.001708984,80,0,0,21.4466,16.3288,0,0,20.790272,6700,1,1,0
perf,inwall-passes-off,898,9383.668962,-3746.487,8.784516,-1401.373,4000,0.001708984,80,0,0,21.3944,18.3438,25.126912,4893294114400,0,6701,1,1,0
perf,inwall-passes-off,899,9383.688386,-3746.487,8.784516,-1401.373,4000,0.001708984,80,0,0,15.1274,17.4508,24.142848,4893294317382,25.126912,6702,1,1,0
perf,inwall-passes-off,900,9383.705703,-3746.487,8.784516,-1401.373,4000,0.001708984,80,0,0,19.4752,17.1465,16.253952,4893294558406,24.142848,6703,1,1,0
perf,inwall-passes-off,901,9383.723397,-3746.487,8.784516,-1401.373,4000,0.001708984,80,0,0,18.4392,17.943,18.142208,4893294773208,16.253952,6704,1,1,0
perf,inwall-passes-off,902,9383.741234,-3746.487,8.784516,-1401.373,4000,0.001708984,80,0,0,16.5352,18.3102,16.413696,4893294987030,18.142208,6705,1,1,0
perf,inwall-passes-off,903,9383.758586,-3746.487,8.784516,-1401.373,4000,0.001708984,80,0,0,17.8792,13.0393,0,0,16.413696,6706,1,1,0
perf,inwall-passes-off,904,9383.773238,-3746.487,8.784516,-1401.373,4000,0.001708984,80,0,0,17.4271,16.3718,17.035264,4893295333006,0,6707,1,1,0
perf,inwall-passes-off,905,9383.790082,-3746.487,8.784516,-1401.373,4000,0.001708984,80,0,0,14.4955,15.0446,18.251776,4893295517409,17.035264,6708,1,1,0
perf,inwall-passes-off,906,9383.806427,-3746.487,8.784516,-1401.373,4000,0.001708984,80,0,0,16.8792,13.5735,15.926272,4893295682921,18.251776,6709,1,1,0
perf,inwall-passes-off,907,9383.822581,-3746.487,8.784516,-1401.373,4000,0.001708984,80,0,0,16.3243,14.7504,17.478656,4893295860846,15.926272,6710,1,1,0
perf,inwall-passes-off,908,9383.839879,-3746.487,8.784516,-1401.373,4000,0.001708984,80,0,0,16.1857,13.8344,14.723072,4893296035850,17.478656,6711,1,1,0
perf,inwall-passes-off,909,9383.856397,-3746.487,8.784516,-1401.373,4000,0.001708984,80,0,0,17.2928,12.3728,15.924224,4893296180986,14.723072,6712,1,1,0
perf,inwall-passes-off,910,9383.872364,-3746.487,8.784516,-1401.373,4000,0.001708984,80,0,0,17.7167,14.1629,15.172608,4893296349754,15.924224,6713,1,1,0
perf,inwall-passes-off,911,9383.888695,-3746.487,8.784516,-1401.373,4000,0.001708984,80,0,0,14.78809,14.2051,18.577408,4893296512979,15.172608,6714,1,1,0
perf,inwall-passes-off,912,9383.902822,-3746.487,8.784516,-1401.373,4000,0.001708984,80,0,0,16.3271,13.5818,15.481856,4893296674805,18.577408,6715,1,1,0
perf,inwall-passes-off,913,9383.919019,-3746.487,8.784516,-1401.373,4000,0.001708984,80,0,0,14.08559,14.6908,18.011136,4893296847447,15.481856,6716,1,1,0
perf,inwall-passes-off,914,9383.936231,-3746.487,8.784516,-1401.373,4000,0.001708984,80,0,0,16.2291,13.7631,13.728768,4893297024364,18.011136,6717,1,1,0
perf,inwall-passes-off,915,9383.955571,-3746.487,8.784516,-1401.373,4000,0.001708984,80,0,0,17.1798,12.6749,16.329728,4893297172582,13.728768,6718,1,1,0
perf,inwall-passes-off,916,9383.974047,-3746.487,8.784516,-1401.373,4000,0.001708984,80,0,0,19.36361,13.95,14.129152,4893297336031,16.329728,6719,1,1,0
perf,inwall-passes-off,917,9383.992291,-3746.487,8.784516,-1401.373,4000,0.001708984,80,0,0,18.4278,12.0588,0,0,14.129152,6720,1,1,0
perf,inwall-passes-off,918,9384.009105,-3746.487,8.784516,-1401.373,4000,0.001708984,80,0,0,18.4112,13.484,17.599488,4893297639163,0,6721,1,1,0
perf,inwall-passes-off,919,9384.029858,-3746.487,8.784516,-1401.373,4000,0.001708984,80,0,0,20.6118,15.1918,0,0,17.599488,6722,1,1,0
perf,inwall-passes-off,920,9384.050527,-3746.487,8.784516,-1401.373,4000,0.001708984,80,0,0,16.9345,16.96,16.499712,4893298004637,0,6723,1,1,0
perf,inwall-passes-off,921,9384.066285,-3746.487,8.784516,-1401.373,4000,0.001708984,80,0,0,20.5861,12.9627,19.863552,4893298189005,16.499711,6724,1,1,0
perf,inwall-passes-off,922,9384.087689,-3746.487,8.784516,-1401.373,4000,0.001708984,80,0,0,15.84969,15.1759,18.62656,4893298372694,19.863552,6725,1,1,0
perf,inwall-passes-off,923,9384.102783,-3746.487,8.784516,-1401.373,4000,0.001708984,80,0,0,21.3643,13.7837,22.448128,4893298551991,18.62656,6726,1,1,0
perf,inwall-passes-off,924,9384.119510,-3746.487,8.784516,-1401.373,4000,0.001708984,80,0,0,14.983,16.2891,15.927296,4893298748362,22.448128,6727,1,1,0
perf,inwall-passes-off,925,9384.134565,-3746.487,8.784516,-1401.373,4000,0.001708984,80,0,0,16.7767,15.3965,17.801216,4893298954299,15.927296,6728,1,1,0
perf,inwall-passes-off,926,9384.152723,-3746.487,8.784516,-1401.373,4000,0.001708984,80,0,0,15.0149,11.7753,0,0,17.801216,6729,1,1,0
perf,inwall-passes-off,927,9384.171580,-3746.487,8.784516,-1401.373,4000,0.001708984,80,0.8,0,18.2675,18.48,16.370688,4893299326089,0,6730,1,1,0
perf,inwall-passes-off,928,9384.190393,-3746.487,8.784516,-1401.373,4000,0.001708984,80,0.6480837,0,19.9839,12.3632,17.143808,4893299476403,16.370688,6731,1,1,0
perf,inwall-passes-off,929,9384.210002,-3746.487,8.784516,-1401.373,4000,0.001708984,80,0.5382754,0,17.6182,14.381,15.712256,4893299644104,17.143808,6732,1,1,0
perf,inwall-passes-off,930,9384.230940,-3746.487,8.784516,-1401.373,4000,0.001708984,80,0.4319725,0,20.8824,12.6277,0,0,15.712256,6733,1,1,0
perf,inwall-passes-off,931,9384.250635,-3746.487,8.784516,-1401.373,4000,0.001708984,80,0.3575061,0,19.7529,15.463,18.159616,4893299976935,0,6734,1,1,0
perf,inwall-passes-off,932,9384.270837,-3746.487,8.784516,-1401.373,4000,0.001708984,80,0.5149151,0,19.6444,16.629,0,0,18.159616,6735,1,1,0
perf,inwall-passes-off,933,9384.291428,-3746.487,8.784516,-1401.373,4000,0.001708984,80,0.7302215,0,21.5517,14.9793,17.547264,4893300352952,0,6736,1,1,0
perf,inwall-passes-off,934,9384.306999,-3746.487,8.784516,-1401.373,4000,0.001708984,80,0.2507986,0,19.2847,17.0919,20.769792,4893300550142,17.547264,6737,1,1,0
perf,inwall-passes-off,935,9384.323945,-3746.487,8.784516,-1401.373,4000,0.001708984,80,0.1595295,0,15.4681,17.4848,17.94048,4893300759031,20.769792,6738,1,1,0
perf,inwall-passes-off,936,9384.340258,-3746.487,8.784516,-1401.373,4000,0.001708984,80,0.1297274,0,18.4575,15.9648,20.805632,4893300955616,17.94048,6739,1,1,0
perf,inwall-passes-off,937,9384.358085,-3746.487,8.784516,-1401.373,4000,0.001708984,80,0.1113761,0,14.8339,16.6996,18.44224,4893301170608,20.805632,6740,1,1,0
perf,inwall-passes-off,938,9384.376073,-3746.487,8.784516,-1401.373,4000,0.001708984,80,0.1304216,0,18.0273,15.7213,15.680512,4893301363926,18.44224,6741,1,1,0
perf,inwall-passes-off,939,9384.407718,-3746.487,8.784516,-1401.373,4000,0.001708984,80,0.334541,0,17.78,12.8558,17.40288,4893301518728,15.680512,6742,1,1,0
perf,inwall-passes-off,940,9384.429258,-3746.487,8.784516,-1401.373,4000,0.001708984,80,0.06811795,0,31.9255,14.5122,16.07168,4893301703118,17.40288,6743,1,1,0
perf,inwall-passes-off,941,9384.448124,-3746.487,8.784516,-1401.373,4000,0.001708984,80,0.04333437,0,21.5271,12.4775,20.384768,4893301851603,16.07168,6744,1,1,0
perf,inwall-passes-off,942,9384.464199,-3746.487,8.784516,-1401.373,4000,0.001708984,80,0.03558486,0,18.65709,14.9031,0,0,20.384768,6745,1,1,0
perf,inwall-passes-off,943,9384.484329,-3746.487,8.784516,-1401.373,4000,0.001708984,80,0.03006358,0,16.00031,15.2603,24.208384,4893302209690,0,6746,1,1,0
perf,inwall-passes-off,944,9384.502803,-3746.487,8.784516,-1401.373,4000,0.001708984,80,0.02396473,0,21.5158,27.7118,19.062784,4893302528185,24.208384,6747,1,1,0
perf,inwall-passes-off,945,9384.524396,-3746.487,8.784516,-1401.373,4000,0.001708984,80,0.02002142,0,17.0629,17.1156,17.678336,4893302743967,19.062784,6748,1,1,0
perf,inwall-passes-off,946,9384.543357,-3746.487,8.784516,-1401.373,4000,0.001708984,80,0.01592582,0,21.7176,15.6107,18.880512,4893302930477,17.678336,6749,1,1,0
perf,inwall-passes-off,947,9384.573776,-3746.487,8.784516,-1401.373,4000,0.001708984,80,0.0130133,0,19.1682,13.0785,19.542016,4893303090795,18.880512,6750,1,1,0
perf,inwall-passes-off,948,9384.603633,-3746.487,8.784516,-1401.373,4000,0.001708984,80,0.009423723,0,30.6285,16.752099,17.115136,4893303304974,19.542016,6751,1,1,0
perf,inwall-passes-off,949,9384.625753,-3746.487,8.784516,-1401.373,4000,0.001708984,80,0.006895576,0,29.6406,13.8127,20.87424,4893303476666,17.115136,6751,1,1,0
perf,inwall-passes-off,950,9384.643446,-3746.487,8.784516,-1401.373,4000,0.001708984,80,0.005466629,0,22.0378,18.5461,26.663936,4893303693650,20.87424,6751,1,1,0
perf,inwall-passes-off,951,9384.667782,-3746.487,8.784516,-1401.373,4000,0.001708984,80,0,0,21.85229,15.2771,0,0,26.663936,6753,1,1,0
perf,inwall-passes-off,952,9384.691820,-3746.487,8.784516,-1401.373,4000,0.001708984,80,0,0,20.0642,24.3822,21.64224,4893304190581,0,6755,1,1,0
perf,inwall-passes-off,953,9384.722218,-3746.487,8.784516,-1401.373,4000,0.001708984,80,0,0,29.5459,26.0553,30.083072,4893304487613,21.64224,6756,1,1,0
perf,inwall-passes-off,954,9384.740533,-3746.487,8.784516,-1401.373,4000,0.001708984,80,0,0,24.8461,17.8225,15.352832,4893304708187,30.083072,6757,1,1,0
perf,inwall-passes-off,955,9384.760890,-3746.487,8.784516,-1401.373,4000,0.001708984,80,0,0,18.5303,14.9789,27.35104,4893304926269,15.352832,6758,1,1,0
perf,inwall-passes-off,956,9384.785232,-3746.487,8.784516,-1401.373,4000,0.001708984,80,0,0,20.3853,16.3273,23.3984,4893305127654,27.35104,6759,1,1,0
perf,inwall-passes-off,957,9384.806227,-3746.487,8.784516,-1401.373,4000,0.001708984,80,0,0,24.0832,20.2461,19.621888,4893305369673,23.3984,6760,1,1,0
perf,inwall-passes-off,958,9384.827066,-3746.487,8.784516,-1401.373,4000,0.001708984,80,0,0,22.1647,27.0444,25.25696,4893305671486,19.621888,6761,1,1,0
perf,inwall-passes-off,959,9384.855654,-3746.487,8.784516,-1401.373,4000,0.001708984,80,0,0,20.5322,15.2891,17.426432,4893305856726,25.25696,6762,1,1,0
perf,inwall-passes-off,960,9384.881249,-3746.487,8.784516,-1401.373,4000,0.001708984,80,0,0,27.6883,17.028,22.350848,4893306059153,17.426432,6763,1,1,0
perf,inwall-passes-off,961,9384.898798,-3746.487,8.784516,-1401.373,4000,0.001708984,80,0,0,25.6327,19.9596,21.50912,4893306301604,22.350848,6764,1,1,0
perf,inwall-passes-off,962,9384.919210,-3746.487,8.784516,-1401.373,4000,0.001708984,80,0,0,17.5223,17.9016,26.887168,4893306523134,21.50912,6765,1,1,0
perf,inwall-passes-off,963,9384.938854,-3746.487,8.784516,-1401.373,4000,0.001708984,80,0,0,20.6759,15.8512,26.689536,4893306720499,26.887168,6766,1,1,0
perf,inwall-passes-off,964,9384.957190,-3746.487,8.784516,-1401.373,4000,0.001708984,80,0,0,19.3594,25.4742,20.120576,4893307005362,26.689536,6767,1,1,0
perf,inwall-passes-off,965,9384.980018,-3746.487,8.784516,-1401.373,4000,0.001708984,80,0,0,24.0558,22.9979,17.729536,4893307261764,20.120576,6768,1,1,0
perf,inwall-passes-off,966,9385.001426,-3746.487,8.784516,-1401.373,4000,0.001708984,80,0,0,17.2737,14.7434,22.508544,4893307437044,17.729536,6769,1,1,0
perf,inwall-passes-off,967,9385.021610,-3746.487,8.784516,-1401.373,4000,0.001708984,80,0,0,21.23199,17.3325,16.037888,4893307643439,22.508544,6770,1,1,0
perf,inwall-passes-off,968,9385.042353,-3746.487,8.784516,-1401.373,4000,0.001708984,80,0,0,20.2106,17.2043,19.423232,4893307837346,16.037887,6771,1,1,0
perf,inwall-passes-off,969,9385.060836,-3746.487,8.784516,-1401.373,4000,0.001708984,80,0,0,21.0281,15.6114,20.03456,4893308035744,19.423232,6772,1,1,0
