kind,label,frame,time,cameraX,cameraY,cameraZ,R,signedDistance,FOV,Primary,Secondary,frameMs,cpuMs,gpuMs,gpuTimestamp,gpuCounterMs,profileFrame,rainExposed,rainIntensity,nearMedium,nearCells,nearIdentity
image,final11-motion-00,115,12744.935376,-3740.495,8.774069,-1399.125,4000,-6.397949,80,0,0,705.8214,0,0,0,0,-1,1,0.8111244,0,393,-0.995403;-0.095780;8.000000;-0.938778;-0.344523;8.000000
image,final11-motion-01,118,12745.254127,-3740.892,8.774069,-1399.274,4000,-5.974609,80,0.3927439,0,76.7517,0,0,0,0,-1,1,0.9700534,0.0005200196,393,-0.995403;-0.095780;8.000000;-0.938778;-0.344523;8.000000
image,final11-motion-02,121,12745.385080,-3741.029,8.774069,-1399.325,4000,-5.828369,80,0.1148638,0,71.8496,0,0,0,0,-1,1,0.9843472,0.02254368,393,-0.995403;-0.095780;8.000000;-0.938778;-0.344523;8.000000
image,final11-motion-03,124,12745.522407,-3741.177,8.774069,-1399.381,4000,-5.669922,80,0.03977939,0,81.55611,0,0,0,0,-1,1,0.9921945,0.07850306,393,-0.995403;-0.095780;8.000000;-0.938778;-0.344523;8.000000
image,final11-motion-04,127,12745.651222,-3741.312,8.774069,-1399.432,4000,-5.525391,80,0.01492038,0,73.3869,0,0,0,0,-1,1,0.9959016,0.1531033,393,-0.995403;-0.095780;8.000000;-0.938778;-0.344523;8.000000
image,final11-motion-05,130,12745.777904,-3741.448,8.774069,-1399.483,4000,-5.380127,80,0.005691273,0,71.6298,0,0,0,0,-1,1,0.9978242,0.2453944,393,-0.995403;-0.095780;8.000000;-0.938778;-0.344523;8.000000
image,final11-motion-06,133,12745.905655,-3741.583,8.774069,-1399.533,4000,-5.236084,80,0,0,71.3475,0,0,0,0,-1,1,0.9988464,0.3489397,393,-0.995403;-0.095780;8.000000;-0.938778;-0.344523;8.000000
image,final11-motion-07,136,12746.029467,-3741.728,8.774069,-1399.588,4000,-5.081543,80,0,0,68.2269,0,0,0,0,-1,1,0.9993845,0.4675648,393,-0.995403;-0.095780;8.000000;-0.938778;-0.344523;8.000000
image,final11-motion-08,140,12746.123146,-3741.827,8.774069,-1399.625,4000,-4.97583,80,0,0,58.7436,0,0,0,0,-1,1,0.9996157,0.5500581,393,-0.995403;-0.095780;8.000000;-0.938778;-0.344523;8.000000
image,final11-motion-09,144,12746.222002,-3741.93,8.774069,-1399.663,4000,-4.865723,80,0,0,60.5126,0,0,0,0,-1,1,0.9997622,0.6346584,393,-0.995403;-0.095780;8.000000;-0.938778;-0.344523;8.000000
image,final11-motion-10,148,12746.317040,-3742.032,8.774069,-1399.702,4000,-4.756592,80,0,0,58.6153,0,0,0,0,-1,1,0.9998539,0.7149804,393,-0.995403;-0.095780;8.000000;-0.938778;-0.344523;8.000000
image,final11-motion-11,152,12746.418745,-3742.141,8.774069,-1399.743,4000,-4.640625,80,0,0,62.9379,0,0,0,0,-1,1,0.999912,0.7940119,393,-0.995403;-0.095780;8.000000;-0.938778;-0.344523;8.000000
image,final11-motion-12,155,12746.514099,-3742.24,8.774069,-1399.78,4000,-4.535156,80,0,0,60.49051,0,0,0,0,-1,1,0.999945,0.8580514,393,-0.995403;-0.095780;8.000000;-0.938778;-0.344523;8.000000
image,final11-motion-13,159,12746.611104,-3742.345,8.774069,-1399.819,4000,-4.422363,80,0,0,58.9424,0,0,0,0,-1,1,0.9999664,0.9159514,393,-0.995403;-0.095780;8.000000;-0.938778;-0.344523;8.000000
image,final11-motion-14,163,12746.707111,-3742.446,8.774069,-1399.857,4000,-4.314941,80,0,0,58.9573,0,0,0,0,-1,1,0.9999792,0.9587446,393,-0.995403;-0.095780;8.000000;-0.938778;-0.344523;8.000000
image,final11-motion-15,167,12746.801264,-3742.547,8.774069,-1399.895,4000,-4.207031,80,0,0,57.7578,0,0,0,0,-1,1,0.9999869,0.987447,393,-0.995403;-0.095780;8.000000;-0.938778;-0.344523;8.000000
image,final11-motion-16,171,12746.896503,-3742.646,8.774069,-1399.932,4000,-4.101318,80,0,0,59.2762,0,0,0,0,-1,1,0.9999919,0.9996329,393,-0.995403;-0.095780;8.000000;-0.938778;-0.344523;8.000000
image,final11-motion-17,175,12746.990103,-3742.745,8.774069,-1399.969,4000,-3.995117,80,0,0,56.24529,0,0,0,0,-1,1,0.9999949,1,393,-0.995403;-0.095780;8.000000;-0.938778;-0.344523;8.000000
image,final11-motion-18,178,12747.081095,-3742.842,8.774069,-1400.005,4000,-3.891846,80,0,0,57.4074,0,0,0,0,-1,1,0.9999968,1,393,-0.995403;-0.095780;8.000000;-0.938778;-0.344523;8.000000
image,final11-motion-19,182,12747.173702,-3742.942,8.774069,-1400.043,4000,-3.784668,80,0,0.8,56.9351,0,0,0,0,-1,1,0.999998,1,393,-0.995403;-0.095780;8.000000;-0.938778;-0.344523;8.000000
image,final11-motion-20,186,12747.268252,-3743.041,8.774069,-1400.08,4000,-3.678711,80,0,0.359059,57.5409,0,0,0,0,-1,1,0.9999988,1,393,-0.995403;-0.095780;8.000000;-0.938778;-0.344523;8.000000
image,final11-motion-21,190,12747.361574,-3743.139,8.774069,-1400.117,4000,-3.574463,80,0,0.1367049,56.1725,0,0,0,0,-1,1,0.9999992,1,393,-0.995403;-0.095780;8.000000;-0.938778;-0.344523;8.000000
image,final11-motion-22,194,12747.455785,-3743.241,8.774069,-1400.155,4000,-3.465332,80,0,0.06554566,57.54491,0,0,0,0,-1,1,0.9999996,1,393,-0.995403;-0.095780;8.000000;-0.938778;-0.344523;8.000000
image,final11-motion-23,198,12747.545297,-3743.337,8.774069,-1400.191,4000,-3.363037,80,0,0.02312681,54.2178,0,0,0,0,-1,1,0.9999997,1,393,-0.995403;-0.095780;8.000000;-0.938778;-0.344523;8.000000
image,final11-motion-24,202,12747.637734,-3743.432,8.774069,-1400.227,4000,-3.26123,80,0,0.009695818,56.0752,0,0,0,0,-1,1,0.9999998,1,393,-0.995403;-0.095780;8.000000;-0.938778;-0.344523;8.000000
image,final11-motion-25,206,12747.727729,-3743.53,8.774069,-1400.264,4000,-3.156494,80,0,0,54.3539,0,0,0,0,-1,1,0.9999998,1,393,-0.995403;-0.095780;8.000000;-0.938778;-0.344523;8.000000
image,final11-motion-26,210,12747.818643,-3743.626,8.774069,-1400.3,4000,-3.054443,80,0,0,57.2568,0,0,0,0,-1,1,0.9999999,1,393,-0.995403;-0.095780;8.000000;-0.938778;-0.344523;8.000000
