kind,label,frame,time,cameraX,cameraY,cameraZ,R,signedDistance,FOV,Primary,Secondary,frameMs,cpuMs,gpuMs,gpuTimestamp,gpuCounterMs,profileFrame,rainExposed,rainIntensity
perf,near-all-on,174,7471.798134,-3746.487,8.798724,-1401.373,4000,0.001708984,80,0,0,28.6252,11.3456,28.66688,4874175015315,27.808768,3954,1,0.9985533
perf,near-all-on,175,7471.824911,-3746.487,8.798724,-1401.373,4000,0.001708984,80,0,0,30.3296,9.9929,27.475968,4874175282501,28.66688,3955,1,0.9987569
perf,near-all-on,176,7471.854274,-3746.487,8.798724,-1401.373,4000,0.001708984,80,0,0,25.3706,11.1959,28.238848,4874175573109,27.475968,3956,1,0.998905
perf,near-all-on,177,7471.881787,-3746.487,8.798724,-1401.373,4000,0.001708984,80,0,0,29.3717,11.7377,28.643328,4874175854784,28.238848,3957,1,0.9990546
perf,near-all-on,178,7471.909118,-3746.487,8.798724,-1401.373,4000,0.001708984,80,0,0,27.4833,11.0272,27.508736,4874176141030,28.643328,3958,1,0.999176
perf,near-all-on,179,7471.936685,-3746.487,8.798724,-1401.373,4000,0.001708984,80,0,0,27.3454,11.8473,28.157952,4874176444103,27.508736,3959,1,0.9992813
perf,near-all-on,180,7471.965876,-3746.487,8.798724,-1401.373,4000,0.001708984,80,0,0,28.66479,10.8484,28.266496,4874176697951,28.157952,3960,1,0.9993773
perf,near-all-on,181,7471.993670,-3746.487,8.798724,-1401.373,4000,0.001708984,80,0,0,28.092,12.1363,27.38688,4874176991689,28.266496,3961,1,0.9994588
perf,near-all-on,182,7472.021408,-3746.487,8.798724,-1401.373,4000,0.001708984,80,0,0,27.7909,12.1843,29.431808,4874177266590,27.38688,3962,1,0.9995291
perf,near-all-on,183,7472.049533,-3746.487,8.798724,-1401.373,4000,0.001708984,80,0,0,27.7293,10.8287,27.864064,4874177540054,29.431808,3963,1,0.99959
perf,near-all-on,184,7472.078496,-3746.487,8.798724,-1401.373,4000,0.001708984,80,0,0,28.0971,11.4476,27.611136,4874177826521,27.864064,3964,1,0.9996437
perf,near-all-on,185,7472.106995,-3746.487,8.798724,-1401.373,4000,0.001708984,80,0,0,29.0722,10.7888,27.57632,4874178107623,27.611136,3965,1,0.999692
perf,near-all-on,186,7472.134161,-3746.487,8.798724,-1401.373,4000,0.001708984,80,0,0,29.6404,11.2837,28.430336,4874178385552,27.57632,3966,1,0.9997344
perf,near-all-on,187,7472.161225,-3746.487,8.798724,-1401.373,4000,0.001708984,80,0,0,25.9592,10.6803,27.572224,4874178662852,28.430336,3967,1,0.9997667
perf,near-all-on,188,7472.189794,-3746.487,8.798724,-1401.373,4000,0.001708984,80,0,0,27.0503,10.6978,28.090368,4874178943819,27.572224,3968,1,0.9997962
perf,near-all-on,189,7472.216217,-3746.487,8.798724,-1401.373,4000,0.001708984,80,0,0,28.5781,12.7392,27.978752,4874179234192,28.090368,3969,1,0.9998233
perf,near-all-on,190,7472.244568,-3746.487,8.798724,-1401.373,4000,0.001708984,80,0,0,26.3904,12.6742,28.141568,4874179530599,27.978752,3970,1,0.9998451
perf,near-all-on,191,7472.271463,-3746.487,8.798724,-1401.373,4000,0.001708984,80,0,0,28.4443,13.0531,27.031552,4874179790484,28.141568,3971,1,0.9998657
perf,near-all-on,192,7472.300320,-3746.487,8.798724,-1401.373,4000,0.001708984,80,0,0,28.2315,11.4834,27.119616,4874180061041,27.031552,3972,1,0.9998834
perf,near-all-on,193,7472.327014,-3746.487,8.798724,-1401.373,4000,0.001708984,80,0,0,27.4873,11.105,26.503168,4874180346797,27.119616,3973,1,0.9998983
perf,near-all-on,194,7472.354762,-3746.487,8.798724,-1401.373,4000,0.001708984,80,0,0,26.6617,11.1587,28.626944,4874180610714,26.503168,3974,1,0.999911
perf,near-all-on,195,7472.382528,-3746.487,8.798724,-1401.373,4000,0.001708984,80,0,0,27.7665,11.465,28.056576,4874180894832,28.626944,3975,1,0.9999226
perf,near-all-on,196,7472.412352,-3746.487,8.798724,-1401.373,4000,0.001708984,80,0,0,27.7577,13.4758,27.639808,4874181177076,28.056576,3976,1,0.9999326
perf,near-all-on,197,7472.440970,-3746.487,8.798724,-1401.373,4000,0.001708984,80,0,0,29.8553,11.8928,28.012544,4874181452232,27.639808,3977,1,0.9999419
perf,near-all-on,198,7472.467077,-3746.487,8.798724,-1401.373,4000,0.001708984,80,0,0,29.7421,11.6744,28.965888,4874181718960,28.012544,3978,1,0.99995
perf,near-all-on,199,7472.494996,-3746.487,8.798724,-1401.373,4000,0.001708984,80,0,0,24.9433,13.6441,26.331136,4874181996543,28.965888,3979,1,0.9999558
perf,near-all-on,200,7472.522690,-3746.487,8.798724,-1401.373,4000,0.001708984,80,0,0,27.9511,10.2398,28.960768,4874182273793,26.331136,3980,1,0.9999616
perf,near-all-on,201,7472.549832,-3746.487,8.798724,-1401.373,4000,0.001708984,80,0,0,27.6729,12.535,27.782144,4874182572542,28.960768,3981,1,0.9999666
perf,near-all-on,202,7472.578211,-3746.487,8.798724,-1401.373,4000,0.001708984,80,0,0,27.0965,12.7381,27.681792,4874182869413,27.782144,3982,1,0.9999708
perf,near-all-on,203,7472.605789,-3746.487,8.798724,-1401.373,4000,0.001708984,80,0,0,28.5093,11.6074,27.614208,4874183119607,27.681792,3983,1,0.9999747
perf,near-all-on,204,7472.634921,-3746.487,8.798724,-1401.373,4000,0.001708984,80,0,0,28.6151,11.595,27.802624,4874183398990,27.614208,3984,1,0.9999781
perf,near-all-on,205,7472.662898,-3746.487,8.798724,-1401.373,4000,0.001708984,80,0,0,28.0082,10.7275,27.37152,4874183675795,27.802624,3985,1,0.9999809
perf,near-all-on,206,7472.691635,-3746.487,8.798724,-1401.373,4000,0.001708984,80,0,0,27.992,10.0299,28.737536,4874183946842,27.37152,3986,1,0.9999834
perf,near-all-on,207,7472.719696,-3746.487,8.798724,-1401.373,4000,0.001708984,80,0,0,28.7109,11.8853,28.3648,4874184231193,28.737536,3987,1,0.9999856
perf,near-all-on,208,7472.747489,-3746.487,8.798724,-1401.373,4000,0.001708984,80,0,0,28.0597,11.6152,28.607488,4874184517829,28.3648,3988,1,0.9999875
perf,near-all-on,209,7472.775881,-3746.487,8.798724,-1401.373,4000,0.001708984,80,0,0,27.7743,11.595,27.544576,4874184798090,28.607488,3989,1,0.9999892
perf,near-all-on,210,7472.803225,-3746.487,8.798724,-1401.373,4000,0.001708984,80,0,0,29.4925,12.2747,28.21632,4874185077897,27.544576,3990,1,0.9999906
perf,near-all-on,211,7472.831841,-3746.487,8.798724,-1401.373,4000,0.001708984,80,0,0,26.2587,10.936,28.381184,4874185365157,28.21632,3991,1,0.9999918
perf,near-all-on,212,7472.860896,-3746.487,8.798724,-1401.373,4000,0.001708984,80,0,0,28.6328,11.5937,27.332608,4874185645773,28.381184,3992,1,0.9999928
perf,near-all-on,213,7472.889045,-3746.487,8.798724,-1401.373,4000,0.001708984,80,0,0,29.04009,10.2206,28.12928,4874185923483,27.332608,3993,1,0.9999938
perf,near-all-on,214,7472.917018,-3746.487,8.798724,-1401.373,4000,0.001708984,80,0,0,28.1771,11.5243,29.100032,4874186218395,28.12928,3994,1,0.9999946
perf,near-all-on,215,7472.945363,-3746.487,8.798724,-1401.373,4000,0.001708984,80,0,0,28.0026,11.3907,27.835392,4874186481035,29.100032,3995,1,0.9999954
perf,near-all-on,216,7472.972622,-3746.487,8.798724,-1401.373,4000,0.001708984,80,0,0,29.4597,11.3271,28.29824,4874186767268,27.835392,3996,1,0.999996
perf,near-all-on,217,7473.000389,-3746.487,8.798724,-1401.373,4000,0.001708984,80,0,0,26.2108,11.7123,27.836416,4874187057761,28.29824,3997,1,0.9999965
perf,near-all-on,218,7473.028855,-3746.487,8.798724,-1401.373,4000,0.001708984,80,0,0,27.64799,11.5119,27.754496,4874187339392,27.836416,3998,1,0.999997
perf,near-all-on,219,7473.055876,-3746.487,8.798724,-1401.373,4000,0.001708984,80,0,0.8,28.4819,11.6827,27.657216,4874187618742,27.754496,3999,1,0.9999974
perf,near-all-on,220,7473.084843,-3746.487,8.798724,-1401.373,4000,0.001708984,80,0,0.6184,27.0232,11.2635,28.136448,4874187913889,27.657216,4000,1,0.9999977
perf,near-all-on,221,7473.113125,-3746.487,8.798724,-1401.373,4000,0.001708984,80,0,0.469451,28.9218,12.2714,27.421696,4874188175449,28.136448,4001,1,0.999998
perf,near-all-on,222,7473.140593,-3746.487,8.798724,-1401.373,4000,0.001708984,80,0,0.3598245,29.43019,10.9699,28.88704,4874188452734,27.421696,4002,1,0.9999983
perf,near-all-on,223,7473.167029,-3746.487,8.798724,-1401.373,4000,0.001708984,80,0,0.5909604,26.35471,11.0157,27.667456,4874188737481,28.88704,4003,1,0.9999985
perf,near-all-on,224,7473.194873,-3746.487,8.798724,-1401.373,4000,0.001708984,80,0,0.5800903,26.4497,11.3948,27.604992,4874189007653,27.667456,4004,1,0.9999987
perf,near-all-on,225,7473.222724,-3746.487,8.798724,-1401.373,4000,0.001708984,80,0,0.1701799,27.86801,10.3412,26.994688,4874189296997,27.604992,4005,1,0.9999989
perf,near-all-on,226,7473.249423,-3746.487,8.798724,-1401.373,4000,0.001708984,80,0,0.1261568,27.81419,11.8048,27.595776,4874189591043,26.994688,4006,1,0.999999
perf,near-all-on,227,7473.277537,-3746.487,8.798724,-1401.373,4000,0.001708984,80,0,0.1091997,26.7362,11.0902,27.329536,4874189854798,27.595776,4007,1,0.9999991
perf,near-all-on,228,7473.305239,-3746.487,8.798724,-1401.373,4000,0.001708984,80,0,0.3499868,29.1734,11.7012,27.152384,4874190119314,27.329536,4008,1,0.9999992
perf,near-all-on,229,7473.333373,-3746.487,8.798724,-1401.373,4000,0.001708984,80,0,0.09630378,26.6934,11.3294,27.536384,4874190397939,27.152384,4009,1,0.9999993
perf,near-all-on,230,7473.360627,-3746.487,8.798724,-1401.373,4000,0.001708984,80,0,0.04399463,28.0341,11.4021,28.29824,4874190676125,27.536384,4010,1,0.9999994
perf,near-all-on,231,7473.387912,-3746.487,8.798724,-1401.373,4000,0.001708984,80,0,0.0339091,27.2491,10.5631,27.778048,4874190942721,28.29824,4011,1,0.9999995
perf,near-all-on,232,7473.415526,-3746.487,8.798724,-1401.373,4000,0.001708984,80,0,0.0261456,27.2882,12.3083,27.480064,4874191235127,27.778048,4012,1,0.9999995
perf,near-all-on,233,7473.443987,-3746.487,8.798724,-1401.373,4000,0.001708984,80,0,0.02010221,27.587,11.0403,27.201536,4874191501931,27.480064,4013,1,0.9999996
perf,near-all-on,234,7473.471486,-3746.487,8.798724,-1401.373,4000,0.001708984,80,0,0.015164,29.5866,12.0793,27.529216,4874191782512,27.201536,4014,1,0.9999996
perf,near-all-on,235,7473.499094,-3746.487,8.798724,-1401.373,4000,0.001708984,80,0,0.01178971,26.4166,10.9699,27.817984,4874192055054,27.529216,4015,1,0.9999997
perf,near-all-on,236,7473.527549,-3746.487,8.798724,-1401.373,4000,0.001708984,80,0,0.00906208,27.6156,11.3087,27.164672,4874192327915,27.817984,4016,1,0.9999998
perf,near-all-on,237,7473.555985,-3746.487,8.798724,-1401.373,4000,0.001708984,80,0,0.006911192,28.4377,10.4091,27.886592,4874192603798,27.164672,4017,1,0.9999998
perf,near-all-on,238,7473.582517,-3746.487,8.798724,-1401.373,4000,0.001708984,80,0,0,28.4521,11.9296,28.986368,4874192899536,27.886592,4018,1,0.9999998
perf,near-all-on,239,7473.611463,-3746.487,8.798724,-1401.373,4000,0.001708984,80,0,0,26.4899,12.0081,27.536384,4874193163749,28.986368,4019,1,0.9999998
perf,near-all-on,240,7473.638370,-3746.487,8.798724,-1401.373,4000,0.001708984,80,0,0,30.2068,12.8022,27.7248,4874193439894,27.536384,4020,1,0.9999998
perf,near-all-on,241,7473.666350,-3746.487,8.798724,-1401.373,4000,0.001708984,80,0,0,25.8094,10.7683,27.549696,4874193724337,27.7248,4021,1,0.9999998
perf,near-all-on,242,7473.694171,-3746.487,8.798724,-1401.373,4000,0.001708984,80,0,0,27.8402,11.8447,27.81184,4874194008766,27.549696,4022,1,0.9999998
perf,near-all-on,243,7473.721375,-3746.487,8.798724,-1401.373,4000,0.001708984,80,0,0,27.8204,10.7323,27.742208,4874194273752,27.81184,4023,1,0.9999998
perf,near-all-on,244,7473.750297,-3746.487,8.798724,-1401.373,4000,0.001708984,80,0,0,27.21409,11.528,27.534336,4874194575612,27.742208,4024,1,0.9999998
perf,near-wall-off,305,7474.781859,-3746.487,8.798724,-1401.373,4000,0.001708984,80,0,0,15.2782,10.0899,16.145408,4874205443803,16.330752,4085,1,0.9999998
perf,near-wall-off,306,7474.797728,-3746.487,8.798724,-1401.373,4000,0.001708984,80,0,0,16.6354,13.0467,17.048576,4874205619769,16.145408,4086,1,0.9999998
perf,near-wall-off,307,7474.813765,-3746.487,8.798724,-1401.373,4000,0.001708984,80,0,0,15.7706,10.6718,16.150528,4874205767761,17.048576,4087,1,0.9999998
perf,near-wall-off,308,7474.828815,-3746.487,8.798724,-1401.373,4000,0.001708984,80,0,0,16.1214,11.1584,15.945728,4874205948867,16.150528,4088,1,0.9999998
perf,near-wall-off,309,7474.846252,-3746.487,8.798724,-1401.373,4000,0.001708984,80,0,0,15.0447,10.0957,15.714304,4874206101725,15.945728,4089,1,0.9999998
perf,near-wall-off,310,7474.861848,-3746.487,8.798724,-1401.373,4000,0.001708984,80,0,0,17.4015,10.8825,16.308224,4874206268009,15.714304,4090,1,0.9999998
perf,near-wall-off,311,7474.879330,-3746.487,8.798724,-1401.373,4000,0.001708984,80,0,0,15.5522,10.6463,16.129024,4874206425841,16.308224,4091,1,0.9999998
perf,near-wall-off,312,7474.894725,-3746.487,8.798724,-1401.373,4000,0.001708984,80,0,0,17.5481,11.9064,16.24576,4874206586993,16.129024,4092,1,0.9999998
perf,near-wall-off,313,7474.910886,-3746.487,8.798724,-1401.373,4000,0.001708984,80,0,0,15.33999,10.2792,16.006144,4874206737461,16.24576,4093,1,0.9999998
perf,near-wall-off,314,7474.926727,-3746.487,8.798724,-1401.373,4000,0.001708984,80,0,0,17.2623,11.3679,16.08704,4874206911432,16.006143,4094,1,0.9999998
perf,near-wall-off,315,7474.943189,-3746.487,8.798724,-1401.373,4000,0.001708984,80,0,0,14.7321,10.6095,16.434176,4874207067038,16.087039,4095,1,0.9999998
perf,near-wall-off,316,7474.959286,-3746.487,8.798724,-1401.373,4000,0.001708984,80,0,0,16.4788,11.7286,16.248832,4874207242286,16.434176,4096,1,0.9999998
perf,near-wall-off,317,7474.977142,-3746.487,8.798724,-1401.373,4000,0.001708984,80,0,0,16.06621,11.2753,16.28672,4874207395868,16.248832,4097,1,0.9999998
perf,near-wall-off,318,7474.993519,-3746.487,8.798724,-1401.373,4000,0.001708984,80,0,0,17.8859,11.8857,16.188416,4874207568467,16.286719,4098,1,0.9999998
perf,near-wall-off,319,7475.010076,-3746.487,8.798724,-1401.373,4000,0.001708984,80,0,0,16.3486,10.6735,17.5104,4874207715776,16.188416,4099,1,0.9999998
perf,near-wall-off,320,7475.025654,-3746.487,8.798724,-1401.373,4000,0.001708984,80,0,0,16.6391,11.592,16.289792,4874207880680,17.5104,4100,1,0.9999998
perf,near-wall-off,321,7475.042254,-3746.487,8.798724,-1401.373,4000,0.001708984,80,0,0,15.5443,10.2166,16.224256,4874208041331,16.289791,4101,1,0.9999998
perf,near-wall-off,322,7475.057737,-3746.487,8.798724,-1401.373,4000,0.001708984,80,0,0,16.58539,12.2315,16.321536,4874208220206,16.224256,4102,1,0.9999998
perf,near-wall-off,323,7475.073353,-3746.487,8.798724,-1401.373,4000,0.001708984,80,0,0,15.4501,10.9747,16.17408,4874208383706,16.321535,4103,1,0.9999998
perf,near-wall-off,324,7475.089223,-3746.487,8.798724,-1401.373,4000,0.001708984,80,0,0,16.7921,12.0258,15.824896,4874208550013,16.17408,4104,1,0.9999998
perf,near-wall-off,325,7475.105004,-3746.487,8.798724,-1401.373,4000,0.001708984,80,0,0,14.7291,10.9377,15.337472,4874208705524,15.824896,4105,1,0.9999998
perf,near-wall-off,326,7475.121687,-3746.487,8.798724,-1401.373,4000,0.001708984,80,0,0,15.8472,10.7123,16.169984,4874208871363,15.337472,4106,1,0.9999998
perf,near-wall-off,327,7475.138304,-3746.487,8.798724,-1401.373,4000,0.001708984,80,0,0,16.6895,10.0655,16.134144,4874209025883,16.169984,4107,1,0.9999998
perf,near-wall-off,328,7475.154793,-3746.487,8.798724,-1401.373,4000,0.001708984,80,0,0,16.5062,11.2329,16.175104,4874209193526,16.134144,4108,1,0.9999998
perf,near-wall-off,329,7475.170641,-3746.487,8.798724,-1401.373,4000,0.001708984,80,0,0,16.5327,10.3797,16.407552,4874209340952,16.175104,4109,1,0.9999998
perf,near-wall-off,330,7475.188384,-3746.487,8.798724,-1401.373,4000,0.001708984,80,0,0,15.7988,10.0935,16.32256,4874209498542,16.407551,4110,1,0.9999998
perf,near-wall-off,331,7475.204755,-3746.487,8.798724,-1401.373,4000,0.001708984,80,0,0,18.049,11.3915,16.458752,4874209666269,16.32256,4111,1,0.9999998
perf,near-wall-off,332,7475.221453,-3746.487,8.798724,-1401.373,4000,0.001708984,80,0,0,16.2089,10.1558,17.415168,4874209831538,16.458752,4112,1,0.9999998
perf,near-wall-off,333,7475.237123,-3746.487,8.798724,-1401.373,4000,0.001708984,80,0,0,16.60031,11.366,16.39936,4874209996799,17.415168,4113,1,0.9999998
perf,near-wall-off,334,7475.253996,-3746.487,8.798724,-1401.373,4000,0.001708984,80,0,0,16.6948,10.7629,16.591872,4874210154857,16.39936,4114,1,0.9999998
perf,near-wall-off,335,7475.270229,-3746.487,8.798724,-1401.373,4000,0.001708984,80,0,0,15.92,11.21,16.062464,4874210335068,16.591871,4115,1,0.9999998
perf,near-wall-off,336,7475.287641,-3746.487,8.798724,-1401.373,4000,0.001708984,80,0,0,16.1823,10.3019,16.463872,4874210497364,16.062463,4116,1,0.9999998
perf,near-wall-off,337,7475.303164,-3746.487,8.798724,-1401.373,4000,0.001708984,80,0,0,17.382,11.3688,16.313344,4874210663425,16.463871,4117,1,0.9999998
perf,near-wall-off,338,7475.320215,-3746.487,8.798724,-1401.373,4000,0.001708984,80,0,0,15.4929,10.3586,16.577536,4874210830376,16.313344,4118,1,0.9999998
perf,near-wall-off,339,7475.336598,-3746.487,8.798724,-1401.373,4000,0.001708984,80,0,0,17.0801,10.8602,16.287744,4874210988879,16.577535,4119,1,0.9999998
perf,near-wall-off,340,7475.357278,-3746.487,8.798724,-1401.373,4000,0.001708984,80,0,0,16.4928,10.3329,16.644096,4874211151410,16.287744,4120,1,0.9999998
perf,near-wall-off,341,7475.369572,-3746.487,8.798724,-1401.373,4000,0.001708984,80,0,0,20.5962,11.5533,16.256,4874211325196,16.644096,4121,1,0.9999998
perf,near-wall-off,342,7475.386243,-3746.487,8.798724,-1401.373,4000,0.001708984,80,0,0,12.28549,10.2666,16.503808,4874211480108,16.256,4122,1,0.9999998
perf,near-wall-off,343,7475.403255,-3746.487,8.798724,-1401.373,4000,0.001708984,80,0,0,16.6571,11.1128,16.320512,4874211650932,16.503808,4123,1,0.9999998
perf,near-wall-off,344,7475.420340,-3746.487,8.798724,-1401.373,4000,0.001708984,80,0,0,18.0723,10.7509,16.556032,4874211815130,16.320512,4124,1,0.9999998
perf,near-wall-off,345,7475.435678,-3746.487,8.798724,-1401.373,4000,0.001708984,80,0,0,16.0546,11.9831,17.369088,4874212021723,16.556031,4125,1,0.9999998
perf,near-wall-off,346,7475.452365,-3746.487,8.798724,-1401.373,4000,0.001708984,80,0,0,15.2754,10.3595,16.45056,4874212144183,17.369088,4126,1,0.9999998
perf,near-wall-off,347,7475.468348,-3746.487,8.798724,-1401.373,4000,0.001708984,80,0,0,16.7157,11.2269,16.2304,4874212311247,16.45056,4127,1,0.9999998
perf,near-wall-off,348,7475.485274,-3746.487,8.798724,-1401.373,4000,0.001708984,80,0,0,15.9483,10.4157,16.452608,4874212491979,16.2304,4128,1,0.9999998
perf,near-wall-off,349,7475.502141,-3746.487,8.798724,-1401.373,4000,0.001708984,80,0,0,16.9669,10.8381,16.249856,4874212652187,16.452608,4129,1,0.9999998
perf,near-wall-off,350,7475.519226,-3746.487,8.798724,-1401.373,4000,0.001708984,80,0,0,16.8799,11.2946,16.36864,4874212805286,16.249856,4130,1,0.9999998
perf,near-wall-off,351,7475.535496,-3746.487,8.798724,-1401.373,4000,0.001708984,80,0,0,17.0848,11.1397,16.448512,4874212972440,16.36864,4131,1,0.9999998
perf,near-wall-off,352,7475.552166,-3746.487,8.798724,-1401.373,4000,0.001708984,80,0,0,16.222,10.5226,16.644096,4874213131932,16.448512,4132,1,0.9999998
perf,near-wall-off,353,7475.568378,-3746.487,8.798724,-1401.373,4000,0.001708984,80,0,0,16.7645,11.066,16.36864,4874213301546,16.644096,4133,1,0.9999998
perf,near-wall-off,354,7475.585686,-3746.487,8.798724,-1401.373,4000,0.001708984,80,0,0,17.2596,13.3882,16.628736,4874213469898,16.36864,4134,1,0.9999998
perf,near-wall-off,355,7475.610918,-3746.487,8.798724,-1401.373,4000,0.001708984,80,0,0,16.2254,11.0682,16.088064,4874213641125,16.628736,4135,1,0.9999998
perf,near-wall-off,356,7475.626913,-3746.487,8.798724,-1401.373,4000,0.001708984,80,0,0,25.2886,11.147,16.382976,4874213803460,16.088064,4136,1,0.9999998
perf,near-wall-off,357,7475.641868,-3746.487,8.798724,-1401.373,4000,0.001708984,80,0,0,16.01181,12.0413,16.229376,4874213971080,16.382976,4137,1,0.9999998
perf,near-wall-off,358,7475.654559,-3746.487,8.798724,-1401.373,4000,0.001708984,80,0,0,15.2289,11.0258,17.939456,4874214143643,16.229375,4138,1,0.9999998
perf,near-wall-off,359,7475.668575,-3746.487,8.798724,-1401.373,4000,0.001708984,80,0,0,12.36,12.44,16.579584,4874214305810,17.939456,4139,1,0.9999998
perf,near-wall-off,360,7475.685980,-3746.487,8.798724,-1401.373,4000,0.001708984,80,0,0,13.9369,12.6076,16.714752,4874214558124,16.579584,4140,1,0.9999998
perf,near-wall-off,361,7475.702112,-3746.487,8.798724,-1401.373,4000,0.001708984,80,0,0,17.4408,13.4889,16.699392,4874214718638,16.714752,4141,1,0.9999998
perf,near-wall-off,362,7475.719658,-3746.487,8.798724,-1401.373,4000,0.001708984,80,0,0,16.0991,12.1792,16.538624,4874214868299,16.699392,4142,1,0.9999998
perf,near-wall-off,363,7475.735466,-3746.487,8.798724,-1401.373,4000,0.001708984,80,0,0,18.6473,10.8958,16.475136,4874214994146,16.538623,4143,1,0.9999998
perf,near-wall-off,364,7475.752260,-3746.487,8.798724,-1401.373,4000,0.001708984,80,0,0,14.7854,10.6481,17.3056,4874215134235,16.475136,4144,1,0.9999998
perf,near-wall-off,365,7475.768481,-3746.487,8.798724,-1401.373,4000,0.001708984,80,0,0,16.7468,11.561,16.22528,4874215308617,17.3056,4145,1,0.9999998
perf,near-wall-off,366,7475.785306,-3746.487,8.798724,-1401.373,4000,0.001708984,80,0,0,16.1909,10.9889,16.636928,4874215469645,16.22528,4146,1,0.9999998
perf,near-wall-off,367,7475.801521,-3746.487,8.798724,-1401.373,4000,0.001708984,80,0,0,16.9019,10.9682,16.497664,4874215656050,16.636928,4147,1,0.9999998
perf,near-wall-off,368,7475.818181,-3746.487,8.798724,-1401.373,4000,0.001708984,80,0,0,16.136,10.6918,16.397312,4874215803223,16.497664,4148,1,0.9999998
perf,near-wall-off,369,7475.835030,-3746.487,8.798724,-1401.373,4000,0.001708984,80,0,0.8,16.78601,12.089,16.16384,4874215971405,16.397312,4149,1,0.9999998
perf,near-wall-off,370,7475.851920,-3746.487,8.798724,-1401.373,4000,0.001708984,80,0,0.698976,16.7259,10.7626,16.526336,4874216133331,16.16384,4150,1,0.9999998
perf,near-wall-off,371,7475.868140,-3746.487,8.798724,-1401.373,4000,0.001708984,80,0,0.6097277,16.92459,11.1165,17.253376,4874216302175,16.526336,4151,1,0.9999998
perf,near-wall-off,372,7475.884918,-3746.487,8.798724,-1401.373,4000,0.001708984,80,0,0.5348515,16.2333,10.6858,16.5632,4874216463707,17.253376,4152,1,0.9999998
perf,near-wall-off,373,7475.900504,-3746.487,8.798724,-1401.373,4000,0.001708984,80,0,0.4630219,17.86849,10.2343,16.075776,4874216630640,16.563199,4153,1,0.9999998
perf,near-wall-off,374,7475.917359,-3746.487,8.798724,-1401.373,4000,0.001708984,80,0,0.4121323,14.4447,10.2509,16.249856,4874216798820,16.075776,4154,1,0.9999998
perf,near-wall-off,375,7475.933153,-3746.487,8.798724,-1401.373,4000,0.001708984,80,0,0.3632436,16.8875,10.9573,16.459776,4874216967995,16.249856,4155,1,0.9999998
perf,near-wall-off,376,7475.949803,-3746.487,8.798724,-1401.373,4000,0.001708984,80,0,0.3706477,15.7607,10.9185,16.39424,4874217129880,16.459776,4156,1,0.9999998
perf,near-wall-off,377,7475.965625,-3746.487,8.798724,-1401.373,4000,0.001708984,80,0,0.5854551,16.7681,11.2911,16.037888,4874217308901,16.39424,4157,1,0.9999998
perf,near-wall-off,378,7475.983016,-3746.487,8.798724,-1401.373,4000,0.001708984,80,0,0.8,15.7084,10.2704,16.18432,4874217453536,16.037887,4158,1,0.9999998
perf,near-wall-off,379,7475.998583,-3746.487,8.798724,-1401.373,4000,0.001708984,80,0,0.5419618,17.4291,9.9314,16.205824,4874217622403,16.18432,4159,1,0.9999998
perf,near-wall-off,380,7476.016229,-3746.487,8.798724,-1401.373,4000,0.001708984,80,0,0.2594121,15.5366,10.2483,16.402432,4874217780028,16.205824,4160,1,0.9999998
perf,near-wall-off,381,7476.031566,-3746.487,8.798724,-1401.373,4000,0.001708984,80,0,0.1658008,17.67029,10.5448,16.498688,4874217946882,16.402432,4161,1,0.9999998
perf,near-wall-off,382,7476.049249,-3746.487,8.798724,-1401.373,4000,0.001708984,80,0,0.1431793,15.3062,9.9234,16.06656,4874218104764,16.498688,4162,1,0.9999998
perf,near-wall-off,383,7476.065310,-3746.487,8.798724,-1401.373,4000,0.001708984,80,0,0.1229108,18.8277,11.2116,16.852992,4874218279049,16.066559,4163,1,0.9999998
perf,near-wall-off,384,7476.081991,-3746.487,8.798724,-1401.373,4000,0.001708984,80,0,0.109692,14.9157,9.7927,17.345536,4874218434376,16.852992,4164,1,0.9999998
perf,near-wall-off,385,7476.098098,-3746.487,8.798724,-1401.373,4000,0.001708984,80,0,0.1151401,16.8,12.2157,16.280576,4874218611115,17.345536,4165,1,0.9999998
perf,near-wall-off,386,7476.114401,-3746.487,8.798724,-1401.373,4000,0.001708984,80,0,0.2195202,15.9897,10.2134,16.088064,4874218764182,16.280576,4166,1,0.9999998
perf,near-wall-off,387,7476.129937,-3746.487,8.798724,-1401.373,4000,0.001708984,80,0,0.3523447,16.3648,11.1463,16.36352,4874218952353,16.088064,4167,1,0.9999998
perf,near-wall-off,388,7476.146893,-3746.487,8.798724,-1401.373,4000,0.001708984,80,0,0.2381053,15.483,9.8569,16.140288,4874219101613,16.36352,4168,1,0.9999998
perf,near-wall-off,389,7476.162322,-3746.487,8.798724,-1401.373,4000,0.001708984,80,0,0.0844615,17.0205,10.5743,16.077824,4874219268740,16.140288,4169,1,0.9999998
perf,near-wall-off,390,7476.178541,-3746.487,8.798724,-1401.373,4000,0.001708984,80,0,0.05145436,15.4034,9.5175,15.757312,4874219429519,16.077824,4170,1,0.9999998
perf,near-wall-off,391,7476.194328,-3746.487,8.798724,-1401.373,4000,0.001708984,80,0,0.04369568,16.219,11.0213,16.233472,4874219592989,15.757312,4171,1,0.9999998
perf,near-wall-off,392,7476.211102,-3746.487,8.798724,-1401.373,4000,0.001708984,80,0,0.03846169,15.7346,9.9852,15.839232,4874219747944,16.233471,4172,1,0.9999998
perf,near-wall-off,393,7476.226880,-3746.487,8.798724,-1401.373,4000,0.001708984,80,0,0.03328516,17.9093,11.2862,16.36352,4874219918015,15.839232,4173,1,0.9999998
perf,near-wall-off,394,7476.243359,-3746.487,8.798724,-1401.373,4000,0.001708984,80,0,0.0295738,14.6473,10.5117,16.019456,4874220072016,16.36352,4174,1,0.9999998
perf,near-wall-off,395,7476.260502,-3746.487,8.798724,-1401.373,4000,0.001708984,80,0,0.02587883,16.5359,11.054,16.282624,4874220234346,16.019456,4175,1,0.9999998
perf,near-wall-off,396,7476.277342,-3746.487,8.798724,-1401.373,4000,0.001708984,80,0,0.02254638,17.0796,10.2939,16.05632,4874220391801,16.282623,4176,1,0.9999998
perf,near-wall-off,397,7476.293262,-3746.487,8.798724,-1401.373,4000,0.001708984,80,0,0.01967528,16.8759,10.9966,17.390592,4874220570731,16.05632,4177,1,0.9999998
perf,near-wall-off,398,7476.309453,-3746.487,8.798724,-1401.373,4000,0.001708984,80,0,0.01730806,15.8826,11.1515,16.150528,4874220717328,17.390592,4178,1,0.9999998
perf,near-wall-off,399,7476.325369,-3746.487,8.798724,-1401.373,4000,0.001708984,80,0,0.01518386,16.223,10.7425,16.464896,4874220882667,16.150528,4179,1,0.9999998
perf,near-wall-off,400,7476.341933,-3746.487,8.798724,-1401.373,4000,0.001708984,80,0,0.01335672,15.88529,10.1997,15.936512,4874221053521,16.464896,4180,1,0.9999998
perf,near-wall-off,401,7476.357697,-3746.487,8.798724,-1401.373,4000,0.001708984,80,0,0.01168163,16.6021,12.2789,16.258048,4874221222248,15.936512,4181,1,0.9999998
perf,near-wall-off,402,7476.373388,-3746.487,8.798724,-1401.373,4000,0.001708984,80,0,0.01028906,15.7273,10.5293,15.515648,4874221381105,16.258047,4182,1,0.9999998
perf,near-wall-off,403,7476.388658,-3746.487,8.798724,-1401.373,4000,0.001708984,80,0,0.008976552,16.90741,10.7379,15.81056,4874221543323,15.515648,4183,1,0.9999998
perf,near-wall-off,404,7476.404459,-3746.487,8.798724,-1401.373,4000,0.001708984,80,0,0.008010654,14.1049,9.939,15.36,4874221702175,15.81056,4184,1,0.9999998
perf,near-wall-off,405,7476.421588,-3746.487,8.798724,-1401.373,4000,0.001708984,80,0,0.007054076,15.7562,10.4423,16.227328,4874221868176,15.36,4185,1,0.9999998
perf,near-wall-off,406,7476.437084,-3746.487,8.798724,-1401.373,4000,0.001708984,80,0,0.006141832,17.1574,10.7606,15.787008,4874222025457,16.227328,4186,1,0.9999998
perf,near-wall-off,407,7476.453747,-3746.487,8.798724,-1401.373,4000,0.001708984,80,0,0.005421461,15.4572,10.4644,16.461824,4874222194131,15.787008,4187,1,0.9999998
perf,near-wall-off,408,7476.470509,-3746.487,8.798724,-1401.373,4000,0.001708984,80,0,0,16.6989,9.9135,16.144384,4874222335348,16.461824,4188,1,0.9999998
perf,near-wall-off,409,7476.487279,-3746.487,8.798724,-1401.373,4000,0.001708984,80,0,0,16.7287,9.4267,16.185344,4874222493134,16.144383,4189,1,0.9999998
perf,near-wall-off,410,7476.503204,-3746.487,8.798724,-1401.373,4000,0.001708984,80,0,0,16.8026,10.9886,17.166336,4874222664717,16.185344,4190,1,0.9999998
perf,near-wall-off,411,7476.519802,-3746.487,8.798724,-1401.373,4000,0.001708984,80,0,0,15.9502,9.5631,16.227328,4874222819319,17.166336,4191,1,0.9999998
perf,near-wall-off,412,7476.535799,-3746.487,8.798724,-1401.373,4000,0.001708984,80,0,0,16.5937,10.8017,16.2048,4874222986288,16.227328,4192,1,0.9999998
perf,near-wall-off,413,7476.553134,-3746.487,8.798724,-1401.373,4000,0.001708984,80,0,0,17.07891,10.4188,16.207872,4874223153591,16.204799,4193,1,0.9999998
perf,near-wall-off,414,7476.568305,-3746.487,8.798724,-1401.373,4000,0.001708984,80,0,0,16.2342,11.3344,16.03072,4874223321584,16.207871,4194,1,0.9999998
perf,near-wall-off,415,7476.585394,-3746.487,8.798724,-1401.373,4000,0.001708984,80,0,0,15.1357,10.0472,16.323584,4874223480505,16.030719,4195,1,0.9999998
perf,near-wall-off,416,7476.601004,-3746.487,8.798724,-1401.373,4000,0.001708984,80,0,0,17.1302,10.3115,16.132096,4874223647010,16.323584,4196,1,0.9999998
perf,near-wall-off,417,7476.617441,-3746.487,8.798724,-1401.373,4000,0.001708984,80,0,0,15.5771,11.1189,16.458752,4874223817599,16.132096,4197,1,0.9999998
perf,near-wall-off,418,7476.633582,-3746.487,8.798724,-1401.373,4000,0.001708984,80,0,0,16.4693,11.7437,16.144384,4874223980154,16.458752,4198,1,0.9999998
perf,near-wall-off,419,7476.649807,-3746.487,8.798724,-1401.373,4000,0.001708984,80,0,0,16.168,10.4629,16.183296,4874224131500,16.144383,4199,1,0.9999998
perf,near-wall-off,420,7476.665890,-3746.487,8.798724,-1401.373,4000,0.001708984,80,0,0,16.2424,11.1558,16.196608,4874224302785,16.183295,4200,1,0.9999998
perf,near-wall-off,421,7476.683419,-3746.487,8.798724,-1401.373,4000,0.001708984,80,0,0,16.0051,10.5563,15.996928,4874224458593,16.196608,4201,1,0.9999998
perf,near-wall-off,422,7476.699340,-3746.487,8.798724,-1401.373,4000,0.001708984,80,0,0,17.5592,10.8766,16.24576,4874224623254,15.996928,4202,1,0.9999998
perf,near-wall-off,423,7476.716582,-3746.487,8.798724,-1401.373,4000,0.001708984,80,0,0,16.9516,10.0491,17.171456,4874224784315,16.24576,4203,1,0.9999998
perf,near-wall-off,424,7476.732570,-3746.487,8.798724,-1401.373,4000,0.001708984,80,0,0,16.2409,10.9358,16.347136,4874224947113,17.171456,4204,1,0.9999998
perf,near-wall-off,425,7476.749504,-3746.487,8.798724,-1401.373,4000,0.001708984,80,0,0,15.9298,10.4322,16.077824,4874225107433,16.347135,4205,1,0.9999998
perf,near-wall-off,426,7476.766263,-3746.487,8.798724,-1401.373,4000,0.001708984,80,0,0,16.9687,10.5205,16.436224,4874225283013,16.077824,4206,1,0.9999998
perf,near-billows-off,466,7477.808244,-3746.487,8.798724,-1401.373,4000,0.001708984,80,0,0,27.7927,11.4698,26.660864,4874235188303,27.099136,4246,1,0.9999998
perf,near-billows-off,467,7477.834541,-3746.487,8.798724,-1401.373,4000,0.001708984,80,0,0,27.2626,11.0324,27.810816,4874235443288,26.660864,4247,1,0.9999998
perf,near-billows-off,468,7477.861562,-3746.487,8.798724,-1401.373,4000,0.001708984,80,0,0,27.3723,11.1665,26.820608,4874235717109,27.810816,4248,1,0.9999998
perf,near-billows-off,469,7477.887903,-3746.487,8.798724,-1401.373,4000,0.001708984,80,0,0,25.9297,11.3116,26.417152,4874235980943,26.820608,4249,1,0.9999998
perf,near-billows-off,470,7477.914765,-3746.487,8.798724,-1401.373,4000,0.001708984,80,0,0,26.4306,10.2294,27.055104,4874236258850,26.417152,4250,1,0.9999998
perf,near-billows-off,471,7477.942005,-3746.487,8.798724,-1401.373,4000,0.001708984,80,0,0,26.7682,10.9287,26.51136,4874236531388,27.055104,4251,1,0.9999998
perf,near-billows-off,472,7477.968638,-3746.487,8.798724,-1401.373,4000,0.001708984,80,0,0,27.2371,11.8494,26.712064,4874236805093,26.51136,4252,1,0.9999998
perf,near-billows-off,473,7477.996721,-3746.487,8.798724,-1401.373,4000,0.001708984,80,0,0,26.724,11.1954,26.845184,4874237064489,26.712064,4253,1,0.9999998
perf,near-billows-off,474,7478.022807,-3746.487,8.798724,-1401.373,4000,0.001708984,80,0,0,29.1597,11.4325,26.502144,4874237327804,26.845184,4254,1,0.9999998
perf,near-billows-off,475,7478.049036,-3746.487,8.798724,-1401.373,4000,0.001708984,80,0,0,25.0033,10.6662,27.995136,4874237596422,26.502144,4255,1,0.9999998
perf,near-billows-off,476,7478.075841,-3746.487,8.798724,-1401.373,4000,0.001708984,80,0,0,26.1112,11.1291,26.330112,4874237868855,27.995136,4256,1,0.9999998
perf,near-billows-off,477,7478.102525,-3746.487,8.798724,-1401.373,4000,0.001708984,80,0,0,26.8385,11.9261,26.092544,4874238135240,26.330112,4257,1,0.9999998
perf,near-billows-off,478,7478.129695,-3746.487,8.798724,-1401.373,4000,0.001708984,80,0,0,26.7599,11.4235,26.960896,4874238427071,26.092544,4258,1,0.9999998
perf,near-billows-off,479,7478.156009,-3746.487,8.798724,-1401.373,4000,0.001708984,80,0,0,27.1172,10.9729,26.494976,4874238676911,26.960896,4259,1,0.9999998
perf,near-billows-off,480,7478.182420,-3746.487,8.798724,-1401.373,4000,0.001708984,80,0,0,27.4526,10.4477,27.036672,4874238938867,26.494976,4260,1,0.9999998
perf,near-billows-off,481,7478.210209,-3746.487,8.798724,-1401.373,4000,0.001708984,80,0,0,25.22001,11.096,26.363904,4874239207225,27.036672,4261,1,0.9999998
perf,near-billows-off,482,7478.236096,-3746.487,8.798724,-1401.373,4000,0.001708984,80,0,0,27.8156,11.4808,26.225664,4874239474057,26.363904,4262,1,0.9999998
perf,near-billows-off,483,7478.263033,-3746.487,8.798724,-1401.373,4000,0.001708984,80,0,0,25.8865,11.2853,27.594752,4874239745904,26.225664,4263,1,0.9999998
perf,near-billows-off,484,7478.289184,-3746.487,8.798724,-1401.373,4000,0.001708984,80,0,0,26.9804,12.405,26.257408,4874240019728,27.594752,4264,1,0.9999998
perf,near-billows-off,485,7478.315132,-3746.487,8.798724,-1401.373,4000,0.001708984,80,0,0,26.1263,10.3525,26.698752,4874240272752,26.257408,4265,1,0.9999998
perf,near-billows-off,486,7478.342295,-3746.487,8.798724,-1401.373,4000,0.001708984,80,0,0,27.06801,11.4548,26.20928,4874240550906,26.698752,4266,1,0.9999998
perf,near-billows-off,487,7478.369444,-3746.487,8.798724,-1401.373,4000,0.001708984,80,0,0,26.0305,11.3263,26.191872,4874240809760,26.20928,4267,1,0.9999998
perf,near-billows-off,488,7478.395515,-3746.487,8.798724,-1401.373,4000,0.001708984,80,0,0,27.1429,10.7445,26.76224,4874241079429,26.191872,4268,1,0.9999998
perf,near-billows-off,489,7478.422461,-3746.487,8.798724,-1401.373,4000,0.001708984,80,0,0,26.092,11.3979,26.268672,4874241340733,26.76224,4269,1,0.9999998
perf,near-billows-off,490,7478.448818,-3746.487,8.798724,-1401.373,4000,0.001708984,80,0,0,26.9503,10.3223,26.712064,4874241611346,26.268672,4270,1,0.9999998
perf,near-billows-off,491,7478.475798,-3746.487,8.798724,-1401.373,4000,0.001708984,80,0,0,26.375,11.567,27.244544,4874241871799,26.712064,4271,1,0.9999998
perf,near-billows-off,492,7478.502464,-3746.487,8.798724,-1401.373,4000,0.001708984,80,0,0.8,28.0195,11.7854,26.247168,4874242143251,27.244544,4272,1,0.9999998
perf,near-billows-off,493,7478.529038,-3746.487,8.798724,-1401.373,4000,0.001708984,80,0,0.5821733,25.5866,11.5531,26.855424,4874242404074,26.247168,4273,1,0.9999998
perf,near-billows-off,494,7478.555302,-3746.487,8.798724,-1401.373,4000,0.001708984,80,0,0.41844,26.5908,11.536,26.287104,4874242673537,26.855424,4274,1,0.9999998
perf,near-billows-off,495,7478.582378,-3746.487,8.798724,-1401.373,4000,0.001708984,80,0,0.416738,26.3409,10.194,26.91584,4874242936768,26.287104,4275,1,0.9999998
perf,near-billows-off,496,7478.609528,-3746.487,8.798724,-1401.373,4000,0.001708984,80,0,0.5964634,27.0077,11.8667,26.48576,4874243217535,26.91584,4276,1,0.9999998
perf,near-billows-off,497,7478.636941,-3746.487,8.798724,-1401.373,4000,0.001708984,80,0,0.1550054,27.1266,11.3375,26.462208,4874243473464,26.48576,4277,1,0.9999998
perf,near-billows-off,498,7478.664570,-3746.487,8.798724,-1401.373,4000,0.001708984,80,0,0.1090219,28.4715,11.9205,27.17696,4874243739298,26.462208,4278,1,0.9999998
perf,near-billows-off,499,7478.690542,-3746.487,8.798724,-1401.373,4000,0.001708984,80,0,0.3148099,26.6051,11.0672,27.66848,4874244002655,27.17696,4279,1,0.9999998
perf,near-billows-off,500,7478.716653,-3746.487,8.798724,-1401.373,4000,0.001708984,80,0,0.0835743,25.9398,10.0947,26.96704,4874244272274,27.66848,4280,1,0.9999998
perf,near-billows-off,501,7478.743864,-3746.487,8.798724,-1401.373,4000,0.001708984,80,0,0.0407025,26.0865,11.2153,26.036224,4874244544125,26.96704,4281,1,0.9999998
perf,near-billows-off,502,7478.770363,-3746.487,8.798724,-1401.373,4000,0.001708984,80,0,0.02902126,27.227,11.4435,26.034176,4874244828839,26.036224,4282,1,0.9999998
perf,near-billows-off,503,7478.798492,-3746.487,8.798724,-1401.373,4000,0.001708984,80,0,0.02085347,26.60561,11.4948,27.337728,4874245094733,26.034176,4283,1,0.9999998
perf,near-billows-off,504,7478.825473,-3746.487,8.798724,-1401.373,4000,0.001708984,80,0,0.01451186,29.1854,12.6117,26.621952,4874245354272,27.337728,4284,1,0.9999998
perf,near-billows-off,505,7478.853016,-3746.487,8.798724,-1401.373,4000,0.001708984,80,0,0.01052929,25.824,10.5541,27.4688,4874245615054,26.621952,4285,1,0.9999998
perf,near-billows-off,506,7478.880115,-3746.487,8.798724,-1401.373,4000,0.001708984,80,0,0.007479026,27.5358,11.0499,27.104256,4874245887430,27.4688,4286,1,0.9999998
perf,near-billows-off,507,7478.905770,-3746.487,8.798724,-1401.373,4000,0.001708984,80,0,0,27.0835,10.8917,27.927552,4874246152519,27.104256,4287,1,0.9999998
perf,near-billows-off,508,7478.932983,-3746.487,8.798724,-1401.373,4000,0.001708984,80,0,0,25.848,12.08,26.740736,4874246445185,27.927552,4288,1,0.9999998
perf,near-billows-off,509,7478.959721,-3746.487,8.798724,-1401.373,4000,0.001708984,80,0,0,27.04609,10.8896,26.053632,4874246703569,26.740736,4289,1,0.9999998
perf,near-billows-off,510,7478.986574,-3746.487,8.798724,-1401.373,4000,0.001708984,80,0,0,27.7955,11.6461,26.841088,4874246978960,26.053632,4290,1,0.9999998
perf,near-billows-off,511,7479.013398,-3746.487,8.798724,-1401.373,4000,0.001708984,80,0,0,25.7878,10.7263,27.167744,4874247249735,26.841088,4291,1,0.9999998
perf,near-billows-off,512,7479.040144,-3746.487,8.798724,-1401.373,4000,0.001708984,80,0,0,26.794,10.8736,26.710016,4874247506844,27.167744,4292,1,0.9999998
perf,near-billows-off,513,7479.067191,-3746.487,8.798724,-1401.373,4000,0.001708984,80,0,0,26.8007,11.9206,26.661888,4874247778702,26.710016,4293,1,0.9999998
perf,near-billows-off,514,7479.094169,-3746.487,8.798724,-1401.373,4000,0.001708984,80,0,0,27.0224,11.7861,26.353664,4874248056666,26.661888,4294,1,0.9999998
perf,near-billows-off,515,7479.120869,-3746.487,8.798724,-1401.373,4000,0.001708984,80,0,0,26.9821,11.1738,27.300864,4874248314566,26.353664,4295,1,0.9999998
perf,near-billows-off,516,7479.147624,-3746.487,8.798724,-1401.373,4000,0.001708984,80,0,0,27.8776,10.9008,26.752,4874248582498,27.300864,4296,1,0.9999998
perf,near-billows-off,517,7479.174616,-3746.487,8.798724,-1401.373,4000,0.001708984,80,0,0,25.5538,11.1878,26.673152,4874248850371,26.752,4297,1,0.9999998
perf,near-billows-off,518,7479.201079,-3746.487,8.798724,-1401.373,4000,0.001708984,80,0,0,27.0489,10.8349,26.873856,4874249120716,26.673152,4298,1,0.9999998
perf,near-billows-off,519,7479.228086,-3746.487,8.798724,-1401.373,4000,0.001708984,80,0,0,26.42579,11.6331,26.688512,4874249390530,26.873856,4299,1,0.9999998
perf,near-billows-off,520,7479.254237,-3746.487,8.798724,-1401.373,4000,0.001708984,80,0,0,27.0342,11.5232,26.665984,4874249669144,26.688512,4300,1,0.9999998
perf,near-billows-off,521,7479.282464,-3746.487,8.798724,-1401.373,4000,0.001708984,80,0,0,26.1229,10.1235,26.873856,4874249924826,26.665984,4301,1,0.9999998
perf,near-billows-off,522,7479.310239,-3746.487,8.798724,-1401.373,4000,0.001708984,80,0,0,29.2721,11.5323,26.555392,4874250195223,26.873856,4302,1,0.9999998
perf,near-billows-off,523,7479.336886,-3746.487,8.798724,-1401.373,4000,0.001708984,80,0,0,26.7278,11.1151,27.994112,4874250459612,26.555392,4303,1,0.9999998
perf,near-billows-off,524,7479.364507,-3746.487,8.798724,-1401.373,4000,0.001708984,80,0,0,26.6534,13.7194,27.219968,4874250729874,27.994112,4304,1,0.9999998
perf,near-billows-off,525,7479.390627,-3746.487,8.798724,-1401.373,4000,0.001708984,80,0,0,27.6697,11.8812,26.964992,4874250991182,27.219968,4305,1,0.9999998
perf,near-billows-off,526,7479.416567,-3746.487,8.798724,-1401.373,4000,0.001708984,80,0,0,26.0671,10.185,26.8288,4874251283874,26.964992,4306,1,0.9999998
perf,near-billows-off,527,7479.468311,-3746.487,8.798724,-1401.373,4000,0.001708984,80,0,0,25.9211,11.1737,26.425344,4874251551184,26.8288,4307,1,0.9999998
perf,near-billows-off,528,7479.484801,-3746.487,8.798724,-1401.373,4000,0.001708984,80,0,0,52.8489,11.3491,27.165696,4874251817689,26.425344,4308,1,0.9999999
perf,near-billows-off,529,7479.499729,-3746.487,8.798724,-1401.373,4000,0.001708984,80,0,0,15.4282,11.2943,0,0,27.165696,4309,1,0.9999999
perf,near-billows-off,530,7479.527995,-3746.487,8.798724,-1401.373,4000,0.001708984,80,0,0,14.8739,12.1468,26.92096,4874252355077,0,4310,1,0.9999999
perf,near-billows-off,531,7479.554444,-3746.487,8.798724,-1401.373,4000,0.001708984,80,0,0,28.3179,10.0506,28.171264,4874252614312,26.92096,4311,1,0.9999999
perf,near-billows-off,532,7479.581778,-3746.487,8.798724,-1401.373,4000,0.001708984,80,0,0,26.4721,11.0507,28.009472,4874253142692,28.171264,4312,1,0.9999999
perf,near-billows-off,533,7479.609370,-3746.487,8.798724,-1401.373,4000,0.001708984,80,0,0,27.2604,13.3494,26.957824,4874253297034,28.009472,4313,1,0.9999999
perf,near-billows-off,534,7479.636345,-3746.487,8.798724,-1401.373,4000,0.001708984,80,0,0,27.6186,10.5268,27.10528,4874253445820,26.957824,4314,1,0.9999999
perf,near-billows-off,535,7479.664586,-3746.487,8.798724,-1401.373,4000,0.001708984,80,0,0,28.054,11.3265,27.692032,4874253728949,27.10528,4315,1,0.9999999
perf,near-billows-off,536,7479.691177,-3746.487,8.798724,-1401.373,4000,0.001708984,80,0,0,27.2361,11.679,26.61888,4874253993660,27.692032,4316,1,0.9999999
perf,near-billows-off,537,7479.719545,-3746.487,8.798724,-1401.373,4000,0.001708984,80,0,0,26.5351,10.3906,27.487232,4874254266289,26.61888,4317,1,0.9999999
perf,near-billows-off,538,7479.746841,-3746.487,8.798724,-1401.373,4000,0.001708984,80,0,0,28.3577,10.9223,27.405312,4874254542489,27.487232,4318,1,0.9999999
perf,near-billows-off,539,7479.774694,-3746.487,8.798724,-1401.373,4000,0.001708984,80,0,0,27.3558,11.7158,28.379136,4874254823000,27.405312,4319,1,0.9999999
perf,near-main-off,585,7480.804283,-3746.487,8.798724,-1401.373,4000,0.001708984,80,0.04263389,0,21.9387,11.8301,22.377472,4874265402714,22.26688,4365,1,0.9999999
perf,near-main-off,586,7480.827739,-3746.487,8.798724,-1401.373,4000,0.001708984,80,0.0364432,0,21.15641,11.8581,22.46656,4874265619294,22.377472,4366,1,0.9999999
perf,near-main-off,587,7480.849229,-3746.487,8.798724,-1401.373,4000,0.001708984,80,0.03060559,0,23.5764,10.0179,21.830656,4874265835743,22.46656,4367,1,0.9999999
perf,near-main-off,588,7480.870963,-3746.487,8.798724,-1401.373,4000,0.001708984,80,0.02611913,0,21.4082,11.395,22.577152,4874266059705,21.830656,4368,1,0.9999999
perf,near-main-off,589,7480.894122,-3746.487,8.798724,-1401.373,4000,0.001708984,80,0.02224333,0,21.6932,12.1764,21.540864,4874266279712,22.577152,4369,1,0.9999999
perf,near-main-off,590,7480.915804,-3746.487,8.798724,-1401.373,4000,0.001708984,80,0.01857994,0,24.3045,10.1532,22.059008,4874266491308,21.540864,4370,1,0.9999999
perf,near-main-off,591,7480.937050,-3746.487,8.798724,-1401.373,4000,0.001708984,80,0.01595392,0,20.5786,11.1971,22.529024,4874266726202,22.059008,4371,1,0.9999999
perf,near-main-off,592,7480.960608,-3746.487,8.798724,-1401.373,4000,0.001708984,80,0.01363525,0,21.2101,11.3159,21.664768,4874266941115,22.529024,4372,1,0.9999999
perf,near-main-off,593,7480.982231,-3746.487,8.798724,-1401.373,4000,0.001708984,80,0.01145014,0,23.5881,10.1436,22.152192,4874267158081,21.664768,4373,1,0.9999999
perf,near-main-off,594,7481.004273,-3746.487,8.798724,-1401.373,4000,0.001708984,80,0.00975574,0,21.6286,11.3111,22.403072,4874267400932,22.152192,4374,1,0.9999999
perf,near-main-off,595,7481.027647,-3746.487,8.798724,-1401.373,4000,0.001708984,80,0.008286647,0,22.0419,11.0896,21.500928,4874267606877,22.403072,4375,1,0.9999999
perf,near-main-off,596,7481.049191,-3746.487,8.798724,-1401.373,4000,0.001708984,80,0.006969836,0,23.372,10.1527,23.154688,4874267819009,21.500928,4376,1,0.9999999
perf,near-main-off,597,7481.070647,-3746.487,8.798724,-1401.373,4000,0.001708984,80,0.005893904,0,22.6447,11.2692,22.49728,4874268054880,23.154688,4377,1,0.9999999
perf,near-main-off,598,7481.093617,-3746.487,8.798724,-1401.373,4000,0.001708984,80,0,0,20.3212,10.7842,21.470208,4874268271131,22.49728,4378,1,0.9999999
perf,near-main-off,599,7481.115405,-3746.487,8.798724,-1401.373,4000,0.001708984,80,0,0,23.0005,9.9129,22.052864,4874268491184,21.470208,4379,1,0.9999999
perf,near-main-off,600,7481.136814,-3746.487,8.798724,-1401.373,4000,0.001708984,80,0,0,21.91039,11.2606,22.417408,4874268725287,22.052864,4380,1,0.9999999
perf,near-main-off,601,7481.159853,-3746.487,8.798724,-1401.373,4000,0.001708984,80,0,0,21.2523,11.8193,21.497856,4874268951447,22.417408,4381,1,0.9999999
perf,near-main-off,602,7481.181790,-3746.487,8.798724,-1401.373,4000,0.001708984,80,0,0,23.0755,10.9448,22.15424,4874269154963,21.497856,4382,1,0.9999999
perf,near-main-off,603,7481.202829,-3746.487,8.798724,-1401.373,4000,0.001708984,80,0,0,21.9451,11.232,22.305792,4874269384970,22.15424,4383,1,0.9999999
perf,near-main-off,604,7481.226565,-3746.487,8.798724,-1401.373,4000,0.001708984,80,0,0,22.0614,10.5498,21.434368,4874269603001,22.305792,4384,1,0.9999999
perf,near-main-off,605,7481.248622,-3746.487,8.798724,-1401.373,4000,0.001708984,80,0,0,22.78629,10.2961,21.731328,4874269816605,21.434368,4385,1,0.9999999
perf,near-main-off,606,7481.269338,-3746.487,8.798724,-1401.373,4000,0.001708984,80,0,0,21.9818,11.2969,23.616512,4874270047345,21.731328,4386,1,0.9999999
perf,near-main-off,607,7481.292152,-3746.487,8.798724,-1401.373,4000,0.001708984,80,0,0,20.6724,11.1778,21.43232,4874270266767,23.616512,4387,1,0.9999999
perf,near-main-off,608,7481.314338,-3746.487,8.798724,-1401.373,4000,0.001708984,80,0,0,22.854,10.3114,21.753856,4874270487404,21.43232,4388,1,0.9999999
perf,near-main-off,609,7481.334400,-3746.487,8.798724,-1401.373,4000,0.001708984,80,0,0,22.2704,10.9212,22.315008,4874270714467,21.753856,4389,1,0.9999999
perf,near-main-off,610,7481.357096,-3746.487,8.798724,-1401.373,4000,0.001708984,80,0,0,19.9862,11.3249,21.32992,4874270935054,22.315008,4390,1,0.9999999
perf,near-main-off,611,7481.378831,-3746.487,8.798724,-1401.373,4000,0.001708984,80,0,0,23.775,10.1515,21.552128,4874271141838,21.32992,4391,1,0.9999999
perf,near-main-off,612,7481.399862,-3746.487,8.798724,-1401.373,4000,0.001708984,80,0,0,20.667,11.1901,21.807104,4874271370321,21.552128,4392,1,0.9999999
perf,near-main-off,613,7481.422467,-3746.487,8.798724,-1401.373,4000,0.001708984,80,0,0,20.975,11.7292,21.508096,4874271592696,21.807104,4393,1,0.9999999
perf,near-main-off,614,7481.444780,-3746.487,8.798724,-1401.373,4000,0.001708984,80,0,0,22.6623,9.9099,21.568512,4874271792480,21.508096,4394,1,0.9999999
perf,near-main-off,615,7481.466733,-3746.487,8.798724,-1401.373,4000,0.001708984,80,0,0,22.3178,10.7872,21.917696,4874272030619,21.568512,4395,1,0.9999999
perf,near-main-off,616,7481.489123,-3746.487,8.798724,-1401.373,4000,0.001708984,80,0,0,21.9284,11.136,23.00928,4874272237243,21.917696,4396,1,0.9999999
perf,near-main-off,617,7481.510564,-3746.487,8.798724,-1401.373,4000,0.001708984,80,0,0,22.4182,10.1918,21.564416,4874272447103,23.00928,4397,1,0.9999999
perf,near-main-off,618,7481.532261,-3746.487,8.798724,-1401.373,4000,0.001708984,80,0,0,22.5033,10.5635,22.068224,4874272673604,21.564416,4398,1,0.9999999
perf,near-main-off,619,7481.554217,-3746.487,8.798724,-1401.373,4000,0.001708984,80,0,0,20.60699,10.18,21.789696,4874272896447,22.068224,4399,1,0.9999999
perf,near-main-off,620,7481.576534,-3746.487,8.798724,-1401.373,4000,0.001708984,80,0,0,22.0531,11.1402,21.551104,4874273116166,21.789696,4400,1,0.9999999
perf,near-main-off,621,7481.598404,-3746.487,8.798724,-1401.373,4000,0.001708984,80,0,0,22.1861,10.261,22.075392,4874273340209,21.551104,4401,1,0.9999999
perf,near-main-off,622,7481.620150,-3746.487,8.798724,-1401.373,4000,0.001708984,80,0,0,21.9125,10.0144,22.096896,4874273565230,22.075392,4402,1,0.9999999
perf,near-main-off,623,7481.641925,-3746.487,8.798724,-1401.373,4000,0.001708984,80,0,0,21.7311,12.1116,21.576704,4874273771419,22.096896,4403,1,0.9999999
perf,near-main-off,624,7481.664794,-3746.487,8.798724,-1401.373,4000,0.001708984,80,0,0,21.7472,10.2668,21.869568,4874273990975,21.576704,4404,1,0.9999999
perf,near-main-off,625,7481.686729,-3746.487,8.798724,-1401.373,4000,0.001708984,80,0,0,23.983,11.3656,21.991424,4874274213845,21.869568,4405,1,0.9999999
perf,near-main-off,626,7481.708384,-3746.487,8.798724,-1401.373,4000,0.001708984,80,0,0,20.8556,10.5215,22.535168,4874274432928,21.991424,4406,1,0.9999999
perf,near-main-off,627,7481.730209,-3746.487,8.798724,-1401.373,4000,0.001708984,80,0,0,21.6893,10.5862,21.849088,4874274650287,22.535168,4407,1,0.9999999
perf,near-main-off,628,7481.752169,-3746.487,8.798724,-1401.373,4000,0.001708984,80,0,0,22.1021,10.2977,21.937152,4874274867753,21.849088,4408,1,0.9999999
perf,near-main-off,629,7481.773537,-3746.487,8.798724,-1401.373,4000,0.001708984,80,0,0,21.6458,10.4993,21.439488,4874275107480,21.937152,4409,1,0.9999999
perf,near-main-off,630,7481.795425,-3746.487,8.798724,-1401.373,4000,0.001708984,80,0,0.8,21.3402,11.3072,21.880832,4874275316134,21.439488,4410,1,0.9999999
perf,near-main-off,631,7481.817360,-3746.487,8.798724,-1401.373,4000,0.001708984,80,0,0.6852514,21.93,10.0882,21.81632,4874275532342,21.880832,4411,1,0.9999999
perf,near-main-off,632,7481.838497,-3746.487,8.798724,-1401.373,4000,0.001708984,80,0,0.5821876,23.086,10.5754,21.530624,4874275753861,21.81632,4412,1,0.9999999
perf,near-main-off,633,7481.860553,-3746.487,8.798724,-1401.373,4000,0.001708984,80,0,0.5055507,19.9924,12.2965,21.470208,4874275970496,21.530624,4413,1,0.9999999
perf,near-main-off,634,7481.883229,-3746.487,8.798724,-1401.373,4000,0.001708984,80,0,0.4326262,22.0674,10.6369,21.702656,4874276183893,21.470208,4414,1,0.9999999
perf,near-main-off,635,7481.904022,-3746.487,8.798724,-1401.373,4000,0.001708984,80,0,0.3706205,22.6439,10.7326,21.875712,4874276403127,21.702656,4415,1,0.9999999
perf,near-main-off,636,7481.926628,-3746.487,8.798724,-1401.373,4000,0.001708984,80,0,0.3673492,20.757,10.9116,22.459392,4874276633139,21.875712,4416,1,0.9999999
perf,near-main-off,637,7481.948261,-3746.487,8.798724,-1401.373,4000,0.001708984,80,0,0.6312444,22.6755,10.9595,21.326848,4874276833849,22.459392,4417,1,0.9999999
perf,near-main-off,638,7481.969051,-3746.487,8.798724,-1401.373,4000,0.001708984,80,0,0.7732205,21.6066,10.7846,22.022144,4874277054555,21.326848,4418,1,0.9999999
perf,near-main-off,639,7481.991413,-3746.487,8.798724,-1401.373,4000,0.001708984,80,0,0.3849427,21.8137,11.0437,21.382144,4874277281114,22.022144,4419,1,0.9999999
perf,near-main-off,640,7482.012647,-3746.487,8.798724,-1401.373,4000,0.001708984,80,0,0.1872119,21.329,9.5958,21.327872,4874277488711,21.382144,4420,1,0.9999999
perf,near-main-off,641,7482.033725,-3746.487,8.798724,-1401.373,4000,0.001708984,80,0,0.1481572,21.25509,11.0205,21.884928,4874277715082,21.327872,4421,1,0.9999999
perf,near-main-off,642,7482.055708,-3746.487,8.798724,-1401.373,4000,0.001708984,80,0,0.1273772,21.10821,11.0008,21.348352,4874277931473,21.884928,4422,1,0.9999999
perf,near-main-off,643,7482.077558,-3746.487,8.798724,-1401.373,4000,0.001708984,80,0,0.1097864,21.9655,10.3313,21.195776,4874278149636,21.348352,4423,1,0.9999999
perf,near-main-off,644,7482.099530,-3746.487,8.798724,-1401.373,4000,0.001708984,80,0,0.1211517,21.7818,10.932,21.506048,4874278362916,21.195776,4424,1,0.9999999
perf,near-main-off,645,7482.121354,-3746.487,8.798724,-1401.373,4000,0.001708984,80,0,0.2778568,22.009,10.6176,21.92384,4874278575383,21.506048,4425,1,0.9999999
perf,near-main-off,646,7482.143318,-3746.487,8.798724,-1401.373,4000,0.001708984,80,0,0.3095062,23.004,9.9271,22.335488,4874278785796,21.92384,4426,1,0.9999999
perf,near-main-off,647,7482.165151,-3746.487,8.798724,-1401.373,4000,0.001708984,80,0,0.1154711,20.7491,11.6334,21.84704,4874279006075,22.335488,4427,1,0.9999999
perf,near-main-off,648,7482.186428,-3746.487,8.798724,-1401.373,4000,0.001708984,80,0,0.05268469,21.8754,10.2409,21.77024,4874279224047,21.84704,4428,1,0.9999999
perf,near-main-off,649,7482.208245,-3746.487,8.798724,-1401.373,4000,0.001708984,80,0,0.04337386,21.26399,11.4844,21.262336,4874279444125,21.77024,4429,1,0.9999999
perf,near-main-off,650,7482.229888,-3746.487,8.798724,-1401.373,4000,0.001708984,80,0,0.03716882,21.8032,10.3537,21.725184,4874279673976,21.262336,4430,1,0.9999999
perf,near-main-off,651,7482.251509,-3746.487,8.798724,-1401.373,4000,0.001708984,80,0,0.0318926,21.6852,10.2027,21.768192,4874279881671,21.725184,4431,1,0.9999999
perf,near-main-off,652,7482.273302,-3746.487,8.798724,-1401.373,4000,0.001708984,80,0,0.02736519,21.6851,10.836,21.415936,4874280100359,21.768192,4432,1,0.9999999
perf,near-main-off,653,7482.295030,-3746.487,8.798724,-1401.373,4000,0.001708984,80,0,0.02330204,22.766,10.9438,21.755904,4874280313058,21.415936,4433,1,0.9999999
perf,near-main-off,654,7482.317934,-3746.487,8.798724,-1401.373,4000,0.001708984,80,0,0.02013584,20.6851,10.2962,21.822464,4874280530963,21.755904,4434,1,0.9999999
perf,near-main-off,655,7482.338507,-3746.487,8.798724,-1401.373,4000,0.001708984,80,0,0.01711622,23.0136,10.7452,21.419008,4874280747818,21.822464,4435,1,0.9999999
perf,near-main-off,656,7482.361206,-3746.487,8.798724,-1401.373,4000,0.001708984,80,0,0.01481336,20.4668,10.9793,22.718464,4874280963907,21.419008,4436,1,0.9999999
perf,near-main-off,657,7482.382712,-3746.487,8.798724,-1401.373,4000,0.001708984,80,0,0.01261967,22.70149,10.1841,21.356544,4874281192354,22.718464,4437,1,0.9999999
perf,near-main-off,658,7482.404052,-3746.487,8.798724,-1401.373,4000,0.001708984,80,0,0.0108436,21.48401,10.5603,21.644288,4874281399210,21.356544,4438,1,0.9999999
perf,near-main-off,659,7482.427048,-3746.487,8.798724,-1401.373,4000,0.001708984,80,0,0.00932954,21.30159,11.2794,21.599232,4874281628173,21.644288,4439,1,0.9999999
perf,near-main-off,660,7482.448618,-3746.487,8.798724,-1401.373,4000,0.001708984,80,0,0.007864578,24.1942,10.5177,21.958656,4874281833980,21.599232,4440,1,0.9999999
perf,near-main-off,661,7482.469592,-3746.487,8.798724,-1401.373,4000,0.001708984,80,0,0.006808931,20.4154,12.3411,22.172672,4874282060882,21.958656,4441,1,0.9999999
perf,near-main-off,662,7482.492996,-3746.487,8.798724,-1401.373,4000,0.001708984,80,0,0.00587339,20.9355,11.3642,21.594112,4874282275927,22.172672,4442,1,0.9999999
perf,near-main-off,663,7482.515056,-3746.487,8.798724,-1401.373,4000,0.001708984,80,0,0,23.4341,9.5762,22.029312,4874282488997,21.594112,4443,1,0.9999999
perf,near-main-off,664,7482.537783,-3746.487,8.798724,-1401.373,4000,0.001708984,80,0,0,22.1067,11.5833,22.243328,4874282730003,22.029312,4444,1,0.9999999
perf,near-main-off,665,7482.560181,-3746.487,8.798724,-1401.373,4000,0.001708984,80,0,0,22.6549,11.5401,21.419008,4874282935043,22.243328,4445,1,0.9999999
perf,near-main-off,666,7482.582794,-3746.487,8.798724,-1401.373,4000,0.001708984,80,0,0,22.4237,10.2175,23.067648,4874283144446,21.419008,4446,1,0.9999999
perf,near-main-off,667,7482.603325,-3746.487,8.798724,-1401.373,4000,0.001708984,80,0,0,23.7431,11.1349,22.56384,4874283378768,23.067648,4447,1,0.9999999
perf,near-main-off,668,7482.626144,-3746.487,8.798724,-1401.373,4000,0.001708984,80,0,0,19.3647,11.0842,21.700608,4874283599623,22.56384,4448,1,0.9999999
perf,near-main-off,669,7482.648150,-3746.487,8.798724,-1401.373,4000,0.001708984,80,0,0,22.858,11.1646,22.2208,4874283826352,21.700608,4449,1,0.9999999
perf,near-main-off,670,7482.669172,-3746.487,8.798724,-1401.373,4000,0.001708984,80,0,0,22.017,11.3039,22.276096,4874284050613,22.2208,4450,1,0.9999999
perf,near-main-off,671,7482.691525,-3746.487,8.798724,-1401.373,4000,0.001708984,80,0,0,20.9771,12.0628,21.521408,4874284287528,22.276096,4451,1,0.9999999
perf,near-main-off,672,7482.713786,-3746.487,8.798724,-1401.373,4000,0.001708984,80,0,0,22.40059,11.0162,21.648384,4874284481727,21.521408,4452,1,0.9999999
perf,near-main-off,673,7482.734610,-3746.487,8.798724,-1401.373,4000,0.001708984,80,0,0,22.265,11.5724,22.238208,4874284710264,21.648384,4453,1,0.9999999
perf,near-main-off,674,7482.758398,-3746.487,8.798724,-1401.373,4000,0.001708984,80,0,0,21.8568,11.2886,21.578752,4874284930385,22.238208,4454,1,0.9999999
perf,near-main-off,675,7482.780181,-3746.487,8.798724,-1401.373,4000,0.001708984,80,0,0,22.7382,10.2516,21.641216,4874285140233,21.578752,4455,1,0.9999999
perf,near-main-off,676,7482.801125,-3746.487,8.798724,-1401.373,4000,0.001708984,80,0,0,21.807,10.859,23.1936,4874285364161,21.641216,4456,1,0.9999999
perf,near-rain-off,715,7483.836939,-3746.487,8.798724,-1401.373,4000,0.001708984,80,0,0,26.9544,12.1199,26.25536,4874295492369,26.075136,4495,1,0.9999999
perf,near-rain-off,716,7483.864609,-3746.487,8.798724,-1401.373,4000,0.001708984,80,0,0,27.5738,11.4298,26.585088,4874295751314,26.25536,4496,1,0.9999999
perf,near-rain-off,717,7483.890912,-3746.487,8.798724,-1401.373,4000,0.001708984,80,0,0,28.7853,11.3425,27.700224,4874296015774,26.585088,4497,1,0.9999999
perf,near-rain-off,718,7483.917244,-3746.487,8.798724,-1401.373,4000,0.001708984,80,0,0,25.30169,10.1053,27.234304,4874296272913,27.700224,4498,1,0.9999999
perf,near-rain-off,719,7483.944216,-3746.487,8.798724,-1401.373,4000,0.001708984,80,0,0,26.2392,10.683,26.759168,4874296542311,27.234304,4499,1,0.9999999
perf,near-rain-off,720,7483.970687,-3746.487,8.798724,-1401.373,4000,0.001708984,80,0,0,26.9158,11.6156,26.289152,4874296818198,26.759168,4500,1,0.9999999
perf,near-rain-off,721,7483.998270,-3746.487,8.798724,-1401.373,4000,0.001708984,80,0,0,26.5082,10.9344,26.838016,4874297105859,26.289152,4501,1,0.9999999
perf,near-rain-off,722,7484.024155,-3746.487,8.798724,-1401.373,4000,0.001708984,80,0,0,27.5899,11.7532,26.63936,4874297357980,26.838016,4502,1,0.9999999
perf,near-rain-off,723,7484.051684,-3746.487,8.798724,-1401.373,4000,0.001708984,80,0,0,27.0443,10.7917,26.933248,4874297621403,26.63936,4503,1,0.9999999
perf,near-rain-off,724,7484.077845,-3746.487,8.798724,-1401.373,4000,0.001708984,80,0,0,26.36329,10.2574,26.047488,4874297890631,26.933248,4504,1,0.9999999
perf,near-rain-off,725,7484.104356,-3746.487,8.798724,-1401.373,4000,0.001708984,80,0,0,26.16091,12.194,27.35104,4874298155693,26.047488,4505,1,0.9999999
perf,near-rain-off,726,7484.133080,-3746.487,8.798724,-1401.373,4000,0.001708984,80,0,0,26.50609,11.4833,26.560512,4874298431537,27.35104,4506,1,0.9999999
perf,near-rain-off,727,7484.159108,-3746.487,8.798724,-1401.373,4000,0.001708984,80,0,0,28.9372,10.9539,26.624,4874298701305,26.560512,4507,1,0.9999999
perf,near-rain-off,728,7484.185735,-3746.487,8.798724,-1401.373,4000,0.001708984,80,0,0,25.8323,11.8924,27.051008,4874298965669,26.624,4508,1,0.9999999
perf,near-rain-off,729,7484.212115,-3746.487,8.798724,-1401.373,4000,0.001708984,80,0,0,27.7425,10.7346,26.633216,4874299227283,27.051008,4509,1,0.9999999
perf,near-rain-off,730,7484.238955,-3746.487,8.798724,-1401.373,4000,0.001708984,80,0,0,25.2499,10.8612,26.2144,4874299492332,26.633216,4510,1,0.9999999
perf,near-rain-off,731,7484.267260,-3746.487,8.798724,-1401.373,4000,0.001708984,80,0,0,26.9068,12.0672,26.620928,4874299781658,26.2144,4511,1,0.9999999
perf,near-rain-off,732,7484.293793,-3746.487,8.798724,-1401.373,4000,0.001708984,80,0,0.8,28.2861,12.339,27.088896,4874300039887,26.620928,4512,1,0.9999999
perf,near-rain-off,733,7484.320890,-3746.487,8.798724,-1401.373,4000,0.001708984,80,0,0.6630743,26.5278,11.8506,28.191744,4874300317326,27.088896,4513,1,0.9999999
perf,near-rain-off,734,7484.346939,-3746.487,8.798724,-1401.373,4000,0.001708984,80,0,0.5473118,27.1126,11.4254,26.791936,4874300569754,28.191744,4514,1,0.9999999
perf,near-rain-off,735,7484.373330,-3746.487,8.798724,-1401.373,4000,0.001708984,80,0,0.45189,27.0733,12.0939,26.628096,4874300838720,26.791936,4515,1,0.9999999
perf,near-rain-off,736,7484.399763,-3746.487,8.798724,-1401.373,4000,0.001708984,80,0,0.3787029,25.3368,11.5308,26.425344,4874301121807,26.628096,4516,1,0.9999999
perf,near-rain-off,737,7484.426515,-3746.487,8.798724,-1401.373,4000,0.001708984,80,0,0.37772,26.4107,12.8662,25.996288,4874301387147,26.425344,4517,1,0.9999999
perf,near-rain-off,738,7484.452500,-3746.487,8.798724,-1401.373,4000,0.001708984,80,0,0.7330115,26.7937,11.5406,26.312704,4874301658280,25.996288,4518,1,0.9999999
perf,near-rain-off,739,7484.479552,-3746.487,8.798724,-1401.373,4000,0.001708984,80,0,0.5974922,25.9365,10.519,26.8288,4874301928824,26.312704,4519,1,0.9999999
perf,near-rain-off,740,7484.506124,-3746.487,8.798724,-1401.373,4000,0.001708984,80,0,0.2103509,27.0306,11.4216,25.96352,4874302182236,26.8288,4520,1,0.9999999
perf,near-rain-off,741,7484.532441,-3746.487,8.798724,-1401.373,4000,0.001708984,80,0,0.1465644,27.8239,11.2575,27.662336,4874302446486,25.96352,4521,1,0.9999999
perf,near-rain-off,742,7484.558665,-3746.487,8.798724,-1401.373,4000,0.001708984,80,0,0.1225342,25.1004,12.2776,26.238976,4874302714426,27.662336,4522,1,0.9999999
perf,near-rain-off,743,7484.585063,-3746.487,8.798724,-1401.373,4000,0.001708984,80,0,0.1063394,26.21229,11.7305,26.159104,4874302973797,26.238976,4523,1,0.9999999
perf,near-rain-off,744,7484.610755,-3746.487,8.798724,-1401.373,4000,0.001708984,80,0,0.2072296,26.4042,10.802,26.54208,4874303244064,26.159104,4524,1,0.9999999
perf,near-rain-off,745,7484.637386,-3746.487,8.798724,-1401.373,4000,0.001708984,80,0,0.3412889,25.6659,12.2289,26.038272,4874303522058,26.54208,4525,1,0.9999999
perf,near-rain-off,746,7484.664590,-3746.487,8.798724,-1401.373,4000,0.001708984,80,0,0.1075921,26.7502,20.0689,26.381312,4874303773279,26.038272,4526,1,0.9999999
perf,near-rain-off,747,7484.692104,-3746.487,8.798724,-1401.373,4000,0.001708984,80,0,0.04821588,28.2196,10.9584,26.31168,4874304035466,26.381312,4527,1,0.9999999
perf,near-rain-off,748,7484.717673,-3746.487,8.798724,-1401.373,4000,0.001708984,80,0,0.03954604,26.5442,11.4082,26.63424,4874304299473,26.31168,4528,1,0.9999999
perf,near-rain-off,749,7484.744235,-3746.487,8.798724,-1401.373,4000,0.001708984,80,0,0.03303288,25.428,11.4157,27.70944,4874304556116,26.63424,4529,1,0.9999999
perf,near-rain-off,750,7484.771070,-3746.487,8.798724,-1401.373,4000,0.001708984,80,0,0.02738054,26.5201,11.1956,25.844736,4874304822759,27.70944,4530,1,0.9999999
perf,near-rain-off,751,7484.798111,-3746.487,8.798724,-1401.373,4000,0.001708984,80,0,0.02263787,26.8782,11.8345,26.550272,4874305105702,25.844736,4531,1,0.9999999
perf,near-rain-off,752,7484.824347,-3746.487,8.798724,-1401.373,4000,0.001708984,80,0,0.01869423,27.0471,11.0237,26.346496,4874305370200,26.550272,4532,1,0.9999999
perf,near-rain-off,753,7484.849838,-3746.487,8.798724,-1401.373,4000,0.001708984,80,0,0.01540761,27.3241,12.2058,26.842112,4874305625573,26.346496,4533,1,0.9999999
perf,near-rain-off,754,7484.876535,-3746.487,8.798724,-1401.373,4000,0.001708984,80,0,0.01296326,24.4102,10.464,26.0608,4874305890811,26.842112,4534,1,0.9999999
perf,near-rain-off,755,7484.904474,-3746.487,8.798724,-1401.373,4000,0.001708984,80,0,0.01073508,26.651,12.0471,26.058752,4874306159517,26.0608,4535,1,0.9999999
perf,near-rain-off,756,7484.931361,-3746.487,8.798724,-1401.373,4000,0.001708984,80,0,0.008807128,27.9739,11.9164,26.68032,4874306429985,26.058752,4536,1,0.9999999
perf,near-rain-off,757,7484.957421,-3746.487,8.798724,-1401.373,4000,0.001708984,80,0,0.007280832,26.8921,11.1193,27.667456,4874306703188,26.68032,4537,1,0.9999999
perf,near-rain-off,758,7484.983398,-3746.487,8.798724,-1401.373,4000,0.001708984,80,0,0.006055392,26.0444,12.1305,26.942464,4874306947307,27.667456,4538,1,0.9999999
perf,near-rain-off,759,7485.010185,-3746.487,8.798724,-1401.373,4000,0.001708984,80,0,0,27.0119,10.1831,26.008576,4874307213890,26.942464,4539,1,0.9999999
perf,near-rain-off,760,7485.036207,-3746.487,8.798724,-1401.373,4000,0.001708984,80,0,0,25.751,11.8028,26.331136,4874307493615,26.008576,4540,1,0.9999999
perf,near-rain-off,761,7485.062882,-3746.487,8.798724,-1401.373,4000,0.001708984,80,0,0,26.0283,12.4615,26.350592,4874307762486,26.331136,4541,1,0.9999999
perf,near-rain-off,762,7485.089605,-3746.487,8.798724,-1401.373,4000,0.001708984,80,0,0,26.6953,10.7547,26.008576,4874308023009,26.350592,4542,1,0.9999999
perf,near-rain-off,763,7485.116338,-3746.487,8.798724,-1401.373,4000,0.001708984,80,0,0,26.7798,9.8734,26.514432,4874308293092,26.008576,4543,1,0.9999999
perf,near-rain-off,764,7485.143516,-3746.487,8.798724,-1401.373,4000,0.001708984,80,0,0,26.6246,11.6851,26.19392,4874308550629,26.514432,4544,1,0.9999999
perf,near-rain-off,765,7485.169906,-3746.487,8.798724,-1401.373,4000,0.001708984,80,0,0,28.3277,11.8963,27.58144,4874308810896,26.19392,4545,1,0.9999999
perf,near-rain-off,766,7485.196435,-3746.487,8.798724,-1401.373,4000,0.001708984,80,0,0,25.266,11.7636,26.458112,4874309077770,27.58144,4546,1,0.9999999
perf,near-rain-off,767,7485.222086,-3746.487,8.798724,-1401.373,4000,0.001708984,80,0,0,26.56489,10.94,26.21952,4874309344916,26.458112,4547,1,0.9999999
perf,near-rain-off,768,7485.248465,-3746.487,8.798724,-1401.373,4000,0.001708984,80,0,0,25.6746,10.5083,26.57792,4874309611884,26.21952,4548,1,0.9999999
perf,near-rain-off,769,7485.274848,-3746.487,8.798724,-1401.373,4000,0.001708984,80,0,0,26.2966,10.9092,26.159104,4874309895103,26.57792,4549,1,0.9999999
perf,near-rain-off,770,7485.302040,-3746.487,8.798724,-1401.373,4000,0.001708984,80,0,0,26.4682,12.2628,26.161152,4874310147854,26.159104,4550,1,0.9999999
perf,near-rain-off,771,7485.329107,-3746.487,8.798724,-1401.373,4000,0.001708984,80,0,0,28.2062,11.6588,26.37312,4874310413334,26.161152,4551,1,0.9999999
perf,near-rain-off,772,7485.354878,-3746.487,8.798724,-1401.373,4000,0.001708984,80,0,0,26.0112,10.8849,26.236928,4874310670100,26.37312,4552,1,0.9999999
perf,near-rain-off,773,7485.381436,-3746.487,8.798724,-1401.373,4000,0.001708984,80,0,0,25.7644,10.4377,27.880448,4874310933198,26.236928,4553,1,0.9999999
perf,near-rain-off,774,7485.407884,-3746.487,8.798724,-1401.373,4000,0.001708984,80,0,0,26.5201,11.3939,26.148864,4874311197427,27.880448,4554,1,0.9999999
perf,near-rain-off,775,7485.434308,-3746.487,8.798724,-1401.373,4000,0.001708984,80,0,0,26.5018,12.1858,26.350592,4874311479904,26.148864,4555,1,0.9999999
perf,near-rain-off,776,7485.460804,-3746.487,8.798724,-1401.373,4000,0.001708984,80,0,0,26.401,11.7247,26.433536,4874311739982,26.350592,4556,1,0.9999999
perf,near-rain-off,777,7485.486940,-3746.487,8.798724,-1401.373,4000,0.001708984,80,0,0,27.59159,11.0258,26.049536,4874311997664,26.433536,4557,1,0.9999999
perf,near-rain-off,778,7485.513284,-3746.487,8.798724,-1401.373,4000,0.001708984,80,0,0,25.0347,10.0224,26.523648,4874312262883,26.049536,4558,1,0.9999999
perf,near-rain-off,779,7485.541025,-3746.487,8.798724,-1401.373,4000,0.001708984,80,0,0,26.3299,10.8351,26.175488,4874312527670,26.523648,4559,1,0.9999999
perf,near-rain-off,780,7485.567167,-3746.487,8.798724,-1401.373,4000,0.001708984,80,0,0,27.7584,12.4351,26.329088,4874312791926,26.175488,4560,1,0.9999999
perf,near-rain-off,781,7485.593516,-3746.487,8.798724,-1401.373,4000,0.001708984,80,0,0,26.2343,11.5398,27.47904,4874313067758,26.329088,4561,1,0.9999999
perf,near-rain-off,782,7485.619310,-3746.487,8.798724,-1401.373,4000,0.001708984,80,0,0,26.259,11.1608,25.91744,4874313318197,27.47904,4562,1,0.9999999
perf,near-rain-off,783,7485.645445,-3746.487,8.798724,-1401.373,4000,0.001708984,80,0,0,26.8569,10.5975,26.479616,4874313581453,25.91744,4563,1,0.9999999
perf,near-rain-off,784,7485.671568,-3746.487,8.798724,-1401.373,4000,0.001708984,80,0,0,25.0469,11.4823,26.028032,4874313859065,26.479616,4564,1,0.9999999
perf,near-rain-off,785,7485.699089,-3746.487,8.798724,-1401.373,4000,0.001708984,80,0,0,26.1676,13.6461,26.249216,4874314120483,26.028032,4565,1,0.9999999
perf,near-rain-off,786,7485.725227,-3746.487,8.798724,-1401.373,4000,0.001708984,80,0,0,27.5528,12.4161,26.068992,4874314384004,26.249216,4566,1,0.9999999
perf,near-rain-off,787,7485.752600,-3746.487,8.798724,-1401.373,4000,0.001708984,80,0,0,26.0969,10.8579,26.745856,4874314652573,26.068992,4567,1,0.9999999
perf,near-rain-off,788,7485.778967,-3746.487,8.798724,-1401.373,4000,0.001708984,80,0,0,27.3777,10.5815,26.433536,4874314903025,26.745856,4568,1,0.9999999
perf,near-rain-off,789,7485.805149,-3746.487,8.798724,-1401.373,4000,0.001708984,80,0,0,27.4875,11.1873,26.983424,4874315164635,26.433536,4569,1,0.9999999
